company,education,experience,location,salary,title
上海彩亿信息技术有限公司,大专,3-5年,上海,15k-25k,python开发工程师
重庆融特通信技术有限公司,本科,不限,重庆,4k-8k,Python开发
北京汉迪移动互联网科技股份有限公司,本科,1-3年,北京,15k-30k,Python开发工程师
深圳市紫川软件有限公司,本科,1-3年,深圳,8k-14k,python工程师
上海店达信息技术有限公司,大专,1-3年,常州,5k-7k,Python研发工程师-CZ
武汉佰钧成技术有限责任公司,本科,1-3年,武汉,6k-12k,python开发工程师
北京搜狐新媒体信息技术有限公司,本科,1-3年,北京,20k-35k,狐友Python开发工程师
杭州云脑科技有限公司,本科,1-3年,北京,10k-20k,Python工程师
深圳佑驾创新科技有限公司,本科,1-3年,深圳,15k-30k,python工程师
广州市擎天柱网络科技有限公司,本科,不限,广州,6k-12k,Python开发工程师
北京瀚海星云科技有限公司,本科,1-3年,北京,15k-30k,Python工程师
武汉安天信息技术有限责任公司,本科,1-3年,武汉,8k-13k,python开发工程师
上海墨沐金融信息服务有限公司,本科,1-3年,上海,10k-20k,python 开发工程师
北京好巧国际旅行社有限公司,大专,3-5年,北京,25k-35k,Python研发工程师
北京步鼎方舟科技有限公司,本科,3-5年,北京,10k-18k,Python开发工程师
上海彩亿信息技术有限公司,大专,3-5年,上海,15k-25k,python开发工程师
重庆融特通信技术有限公司,本科,不限,重庆,4k-8k,Python开发
北京汉迪移动互联网科技股份有限公司,本科,1-3年,北京,15k-30k,Python开发工程师
深圳市紫川软件有限公司,本科,1-3年,深圳,8k-14k,python工程师
上海店达信息技术有限公司,大专,1-3年,常州,5k-7k,Python研发工程师-CZ
武汉佰钧成技术有限责任公司,本科,1-3年,武汉,6k-12k,python开发工程师
北京搜狐新媒体信息技术有限公司,本科,1-3年,北京,20k-35k,狐友Python开发工程师
杭州云脑科技有限公司,本科,1-3年,北京,10k-20k,Python工程师
深圳佑驾创新科技有限公司,本科,1-3年,深圳,15k-30k,python工程师
广州市擎天柱网络科技有限公司,本科,不限,广州,6k-12k,Python开发工程师
北京瀚海星云科技有限公司,本科,1-3年,北京,15k-30k,Python工程师
武汉安天信息技术有限责任公司,本科,1-3年,武汉,8k-13k,python开发工程师
上海墨沐金融信息服务有限公司,本科,1-3年,上海,10k-20k,python 开发工程师
北京好巧国际旅行社有限公司,大专,3-5年,北京,25k-35k,Python研发工程师
北京步鼎方舟科技有限公司,本科,3-5年,北京,10k-18k,Python开发工程师
上海彩亿信息技术有限公司,大专,3-5年,上海,15k-25k,python开发工程师
重庆融特通信技术有限公司,本科,不限,重庆,4k-8k,Python开发
北京汉迪移动互联网科技股份有限公司,本科,1-3年,北京,15k-30k,Python开发工程师
深圳市紫川软件有限公司,本科,1-3年,深圳,8k-14k,python工程师
上海店达信息技术有限公司,大专,1-3年,常州,5k-7k,Python研发工程师-CZ
武汉佰钧成技术有限责任公司,本科,1-3年,武汉,6k-12k,python开发工程师
北京搜狐新媒体信息技术有限公司,本科,1-3年,北京,20k-35k,狐友Python开发工程师
杭州云脑科技有限公司,本科,1-3年,北京,10k-20k,Python工程师
深圳佑驾创新科技有限公司,本科,1-3年,深圳,15k-30k,python工程师
广州市擎天柱网络科技有限公司,本科,不限,广州,6k-12k,Python开发工程师
北京瀚海星云科技有限公司,本科,1-3年,北京,15k-30k,Python工程师
武汉安天信息技术有限责任公司,本科,1-3年,武汉,8k-13k,python开发工程师
上海墨沐金融信息服务有限公司,本科,1-3年,上海,10k-20k,python 开发工程师
北京好巧国际旅行社有限公司,大专,3-5年,北京,25k-35k,Python研发工程师
北京步鼎方舟科技有限公司,本科,3-5年,北京,10k-18k,Python开发工程师
上海彩亿信息技术有限公司,大专,3-5年,上海,15k-25k,python开发工程师
重庆融特通信技术有限公司,本科,不限,重庆,4k-8k,Python开发
北京汉迪移动互联网科技股份有限公司,本科,1-3年,北京,15k-30k,Python开发工程师
深圳市紫川软件有限公司,本科,1-3年,深圳,8k-14k,python工程师
上海店达信息技术有限公司,大专,1-3年,常州,5k-7k,Python研发工程师-CZ
武汉佰钧成技术有限责任公司,本科,1-3年,武汉,6k-12k,python开发工程师
北京搜狐新媒体信息技术有限公司,本科,1-3年,北京,20k-35k,狐友Python开发工程师
杭州云脑科技有限公司,本科,1-3年,北京,10k-20k,Python工程师
深圳佑驾创新科技有限公司,本科,1-3年,深圳,15k-30k,python工程师
广州市擎天柱网络科技有限公司,本科,不限,广州,6k-12k,Python开发工程师
北京瀚海星云科技有限公司,本科,1-3年,北京,15k-30k,Python工程师
武汉安天信息技术有限责任公司,本科,1-3年,武汉,8k-13k,python开发工程师
上海墨沐金融信息服务有限公司,本科,1-3年,上海,10k-20k,python 开发工程师
北京好巧国际旅行社有限公司,大专,3-5年,北京,25k-35k,Python研发工程师
北京步鼎方舟科技有限公司,本科,3-5年,北京,10k-18k,Python开发工程师
上海彩亿信息技术有限公司,大专,3-5年,上海,15k-25k,python开发工程师
重庆融特通信技术有限公司,本科,不限,重庆,4k-8k,Python开发
北京汉迪移动互联网科技股份有限公司,本科,1-3年,北京,15k-30k,Python开发工程师
深圳市紫川软件有限公司,本科,1-3年,深圳,8k-14k,python工程师
上海店达信息技术有限公司,大专,1-3年,常州,5k-7k,Python研发工程师-CZ
武汉佰钧成技术有限责任公司,本科,1-3年,武汉,6k-12k,python开发工程师
北京搜狐新媒体信息技术有限公司,本科,1-3年,北京,20k-35k,狐友Python开发工程师
杭州云脑科技有限公司,本科,1-3年,北京,10k-20k,Python工程师
深圳佑驾创新科技有限公司,本科,1-3年,深圳,15k-30k,python工程师
广州市擎天柱网络科技有限公司,本科,不限,广州,6k-12k,Python开发工程师
北京瀚海星云科技有限公司,本科,1-3年,北京,15k-30k,Python工程师
武汉安天信息技术有限责任公司,本科,1-3年,武汉,8k-13k,python开发工程师
上海墨沐金融信息服务有限公司,本科,1-3年,上海,10k-20k,python 开发工程师
北京好巧国际旅行社有限公司,大专,3-5年,北京,25k-35k,Python研发工程师
北京步鼎方舟科技有限公司,本科,3-5年,北京,10k-18k,Python开发工程师
上海彩亿信息技术有限公司,大专,3-5年,上海,15k-25k,python开发工程师
重庆融特通信技术有限公司,本科,不限,重庆,4k-8k,Python开发
北京汉迪移动互联网科技股份有限公司,本科,1-3年,北京,15k-30k,Python开发工程师
深圳市紫川软件有限公司,本科,1-3年,深圳,8k-14k,python工程师
上海店达信息技术有限公司,大专,1-3年,常州,5k-7k,Python研发工程师-CZ
武汉佰钧成技术有限责任公司,本科,1-3年,武汉,6k-12k,python开发工程师
北京搜狐新媒体信息技术有限公司,本科,1-3年,北京,20k-35k,狐友Python开发工程师
杭州云脑科技有限公司,本科,1-3年,北京,10k-20k,Python工程师
深圳佑驾创新科技有限公司,本科,1-3年,深圳,15k-30k,python工程师
广州市擎天柱网络科技有限公司,本科,不限,广州,6k-12k,Python开发工程师
北京瀚海星云科技有限公司,本科,1-3年,北京,15k-30k,Python工程师
武汉安天信息技术有限责任公司,本科,1-3年,武汉,8k-13k,python开发工程师
上海墨沐金融信息服务有限公司,本科,1-3年,上海,10k-20k,python 开发工程师
北京好巧国际旅行社有限公司,大专,3-5年,北京,25k-35k,Python研发工程师
北京步鼎方舟科技有限公司,本科,3-5年,北京,10k-18k,Python开发工程师
上海彩亿信息技术有限公司,大专,3-5年,上海,15k-25k,python开发工程师
重庆融特通信技术有限公司,本科,不限,重庆,4k-8k,Python开发
北京汉迪移动互联网科技股份有限公司,本科,1-3年,北京,15k-30k,Python开发工程师
深圳市紫川软件有限公司,本科,1-3年,深圳,8k-14k,python工程师
上海店达信息技术有限公司,大专,1-3年,常州,5k-7k,Python研发工程师-CZ
武汉佰钧成技术有限责任公司,本科,1-3年,武汉,6k-12k,python开发工程师
北京搜狐新媒体信息技术有限公司,本科,1-3年,北京,20k-35k,狐友Python开发工程师
杭州云脑科技有限公司,本科,1-3年,北京,10k-20k,Python工程师
深圳佑驾创新科技有限公司,本科,1-3年,深圳,15k-30k,python工程师
广州市擎天柱网络科技有限公司,本科,不限,广州,6k-12k,Python开发工程师
北京瀚海星云科技有限公司,本科,1-3年,北京,15k-30k,Python工程师
武汉安天信息技术有限责任公司,本科,1-3年,武汉,8k-13k,python开发工程师
上海墨沐金融信息服务有限公司,本科,1-3年,上海,10k-20k,python 开发工程师
北京好巧国际旅行社有限公司,大专,3-5年,北京,25k-35k,Python研发工程师
北京步鼎方舟科技有限公司,本科,3-5年,北京,10k-18k,Python开发工程师
上海彩亿信息技术有限公司,大专,3-5年,上海,15k-25k,python开发工程师
重庆融特通信技术有限公司,本科,不限,重庆,4k-8k,Python开发
北京汉迪移动互联网科技股份有限公司,本科,1-3年,北京,15k-30k,Python开发工程师
深圳市紫川软件有限公司,本科,1-3年,深圳,8k-14k,python工程师
上海店达信息技术有限公司,大专,1-3年,常州,5k-7k,Python研发工程师-CZ
武汉佰钧成技术有限责任公司,本科,1-3年,武汉,6k-12k,python开发工程师
北京搜狐新媒体信息技术有限公司,本科,1-3年,北京,20k-35k,狐友Python开发工程师
杭州云脑科技有限公司,本科,1-3年,北京,10k-20k,Python工程师
深圳佑驾创新科技有限公司,本科,1-3年,深圳,15k-30k,python工程师
广州市擎天柱网络科技有限公司,本科,不限,广州,6k-12k,Python开发工程师
北京瀚海星云科技有限公司,本科,1-3年,北京,15k-30k,Python工程师
武汉安天信息技术有限责任公司,本科,1-3年,武汉,8k-13k,python开发工程师
上海墨沐金融信息服务有限公司,本科,1-3年,上海,10k-20k,python 开发工程师
北京好巧国际旅行社有限公司,大专,3-5年,北京,25k-35k,Python研发工程师
北京步鼎方舟科技有限公司,本科,3-5年,北京,10k-18k,Python开发工程师
上海彩亿信息技术有限公司,大专,3-5年,上海,15k-25k,python开发工程师
重庆融特通信技术有限公司,本科,不限,重庆,4k-8k,Python开发
北京汉迪移动互联网科技股份有限公司,本科,1-3年,北京,15k-30k,Python开发工程师
深圳市紫川软件有限公司,本科,1-3年,深圳,8k-14k,python工程师
上海店达信息技术有限公司,大专,1-3年,常州,5k-7k,Python研发工程师-CZ
武汉佰钧成技术有限责任公司,本科,1-3年,武汉,6k-12k,python开发工程师
北京搜狐新媒体信息技术有限公司,本科,1-3年,北京,20k-35k,狐友Python开发工程师
杭州云脑科技有限公司,本科,1-3年,北京,10k-20k,Python工程师
深圳佑驾创新科技有限公司,本科,1-3年,深圳,15k-30k,python工程师
广州市擎天柱网络科技有限公司,本科,不限,广州,6k-12k,Python开发工程师
北京瀚海星云科技有限公司,本科,1-3年,北京,15k-30k,Python工程师
武汉安天信息技术有限责任公司,本科,1-3年,武汉,8k-13k,python开发工程师
上海墨沐金融信息服务有限公司,本科,1-3年,上海,10k-20k,python 开发工程师
北京好巧国际旅行社有限公司,大专,3-5年,北京,25k-35k,Python研发工程师
北京步鼎方舟科技有限公司,本科,3-5年,北京,10k-18k,Python开发工程师
上海彩亿信息技术有限公司,大专,3-5年,上海,15k-25k,python开发工程师
重庆融特通信技术有限公司,本科,不限,重庆,4k-8k,Python开发
北京汉迪移动互联网科技股份有限公司,本科,1-3年,北京,15k-30k,Python开发工程师
深圳市紫川软件有限公司,本科,1-3年,深圳,8k-14k,python工程师
上海店达信息技术有限公司,大专,1-3年,常州,5k-7k,Python研发工程师-CZ
武汉佰钧成技术有限责任公司,本科,1-3年,武汉,6k-12k,python开发工程师
北京搜狐新媒体信息技术有限公司,本科,1-3年,北京,20k-35k,狐友Python开发工程师
杭州云脑科技有限公司,本科,1-3年,北京,10k-20k,Python工程师
深圳佑驾创新科技有限公司,本科,1-3年,深圳,15k-30k,python工程师
广州市擎天柱网络科技有限公司,本科,不限,广州,6k-12k,Python开发工程师
北京瀚海星云科技有限公司,本科,1-3年,北京,15k-30k,Python工程师
武汉安天信息技术有限责任公司,本科,1-3年,武汉,8k-13k,python开发工程师
上海墨沐金融信息服务有限公司,本科,1-3年,上海,10k-20k,python 开发工程师
北京好巧国际旅行社有限公司,大专,3-5年,北京,25k-35k,Python研发工程师
北京步鼎方舟科技有限公司,本科,3-5年,北京,10k-18k,Python开发工程师
上海彩亿信息技术有限公司,大专,3-5年,上海,15k-25k,python开发工程师
重庆融特通信技术有限公司,本科,不限,重庆,4k-8k,Python开发
北京汉迪移动互联网科技股份有限公司,本科,1-3年,北京,15k-30k,Python开发工程师
深圳市紫川软件有限公司,本科,1-3年,深圳,8k-14k,python工程师
上海店达信息技术有限公司,大专,1-3年,常州,5k-7k,Python研发工程师-CZ
武汉佰钧成技术有限责任公司,本科,1-3年,武汉,6k-12k,python开发工程师
北京搜狐新媒体信息技术有限公司,本科,1-3年,北京,20k-35k,狐友Python开发工程师
杭州云脑科技有限公司,本科,1-3年,北京,10k-20k,Python工程师
深圳佑驾创新科技有限公司,本科,1-3年,深圳,15k-30k,python工程师
广州市擎天柱网络科技有限公司,本科,不限,广州,6k-12k,Python开发工程师
北京瀚海星云科技有限公司,本科,1-3年,北京,15k-30k,Python工程师
武汉安天信息技术有限责任公司,本科,1-3年,武汉,8k-13k,python开发工程师
上海墨沐金融信息服务有限公司,本科,1-3年,上海,10k-20k,python 开发工程师
北京好巧国际旅行社有限公司,大专,3-5年,北京,25k-35k,Python研发工程师
北京步鼎方舟科技有限公司,本科,3-5年,北京,10k-18k,Python开发工程师
上海彩亿信息技术有限公司,大专,3-5年,上海,15k-25k,python开发工程师
重庆融特通信技术有限公司,本科,不限,重庆,4k-8k,Python开发
北京汉迪移动互联网科技股份有限公司,本科,1-3年,北京,15k-30k,Python开发工程师
深圳市紫川软件有限公司,本科,1-3年,深圳,8k-14k,python工程师
上海店达信息技术有限公司,大专,1-3年,常州,5k-7k,Python研发工程师-CZ
武汉佰钧成技术有限责任公司,本科,1-3年,武汉,6k-12k,python开发工程师
北京搜狐新媒体信息技术有限公司,本科,1-3年,北京,20k-35k,狐友Python开发工程师
杭州云脑科技有限公司,本科,1-3年,北京,10k-20k,Python工程师
深圳佑驾创新科技有限公司,本科,1-3年,深圳,15k-30k,python工程师
广州市擎天柱网络科技有限公司,本科,不限,广州,6k-12k,Python开发工程师
北京瀚海星云科技有限公司,本科,1-3年,北京,15k-30k,Python工程师
武汉安天信息技术有限责任公司,本科,1-3年,武汉,8k-13k,python开发工程师
上海墨沐金融信息服务有限公司,本科,1-3年,上海,10k-20k,python 开发工程师
北京好巧国际旅行社有限公司,大专,3-5年,北京,25k-35k,Python研发工程师
北京步鼎方舟科技有限公司,本科,3-5年,北京,10k-18k,Python开发工程师
上海彩亿信息技术有限公司,大专,3-5年,上海,15k-25k,python开发工程师
重庆融特通信技术有限公司,本科,不限,重庆,4k-8k,Python开发
北京汉迪移动互联网科技股份有限公司,本科,1-3年,北京,15k-30k,Python开发工程师
深圳市紫川软件有限公司,本科,1-3年,深圳,8k-14k,python工程师
上海店达信息技术有限公司,大专,1-3年,常州,5k-7k,Python研发工程师-CZ
武汉佰钧成技术有限责任公司,本科,1-3年,武汉,6k-12k,python开发工程师
北京搜狐新媒体信息技术有限公司,本科,1-3年,北京,20k-35k,狐友Python开发工程师
杭州云脑科技有限公司,本科,1-3年,北京,10k-20k,Python工程师
深圳佑驾创新科技有限公司,本科,1-3年,深圳,15k-30k,python工程师
广州市擎天柱网络科技有限公司,本科,不限,广州,6k-12k,Python开发工程师
北京瀚海星云科技有限公司,本科,1-3年,北京,15k-30k,Python工程师
武汉安天信息技术有限责任公司,本科,1-3年,武汉,8k-13k,python开发工程师
上海墨沐金融信息服务有限公司,本科,1-3年,上海,10k-20k,python 开发工程师
北京好巧国际旅行社有限公司,大专,3-5年,北京,25k-35k,Python研发工程师
北京步鼎方舟科技有限公司,本科,3-5年,北京,10k-18k,Python开发工程师
上海彩亿信息技术有限公司,大专,3-5年,上海,15k-25k,python开发工程师
重庆融特通信技术有限公司,本科,不限,重庆,4k-8k,Python开发
北京汉迪移动互联网科技股份有限公司,本科,1-3年,北京,15k-30k,Python开发工程师
深圳市紫川软件有限公司,本科,1-3年,深圳,8k-14k,python工程师
上海店达信息技术有限公司,大专,1-3年,常州,5k-7k,Python研发工程师-CZ
武汉佰钧成技术有限责任公司,本科,1-3年,武汉,6k-12k,python开发工程师
北京搜狐新媒体信息技术有限公司,本科,1-3年,北京,20k-35k,狐友Python开发工程师
杭州云脑科技有限公司,本科,1-3年,北京,10k-20k,Python工程师
深圳佑驾创新科技有限公司,本科,1-3年,深圳,15k-30k,python工程师
广州市擎天柱网络科技有限公司,本科,不限,广州,6k-12k,Python开发工程师
北京瀚海星云科技有限公司,本科,1-3年,北京,15k-30k,Python工程师
武汉安天信息技术有限责任公司,本科,1-3年,武汉,8k-13k,python开发工程师
上海墨沐金融信息服务有限公司,本科,1-3年,上海,10k-20k,python 开发工程师
北京好巧国际旅行社有限公司,大专,3-5年,北京,25k-35k,Python研发工程师
北京步鼎方舟科技有限公司,本科,3-5年,北京,10k-18k,Python开发工程师
上海彩亿信息技术有限公司,大专,3-5年,上海,15k-25k,python开发工程师
重庆融特通信技术有限公司,本科,不限,重庆,4k-8k,Python开发
北京汉迪移动互联网科技股份有限公司,本科,1-3年,北京,15k-30k,Python开发工程师
深圳市紫川软件有限公司,本科,1-3年,深圳,8k-14k,python工程师
上海店达信息技术有限公司,大专,1-3年,常州,5k-7k,Python研发工程师-CZ
武汉佰钧成技术有限责任公司,本科,1-3年,武汉,6k-12k,python开发工程师
北京搜狐新媒体信息技术有限公司,本科,1-3年,北京,20k-35k,狐友Python开发工程师
杭州云脑科技有限公司,本科,1-3年,北京,10k-20k,Python工程师
深圳佑驾创新科技有限公司,本科,1-3年,深圳,15k-30k,python工程师
广州市擎天柱网络科技有限公司,本科,不限,广州,6k-12k,Python开发工程师
北京瀚海星云科技有限公司,本科,1-3年,北京,15k-30k,Python工程师
武汉安天信息技术有限责任公司,本科,1-3年,武汉,8k-13k,python开发工程师
上海墨沐金融信息服务有限公司,本科,1-3年,上海,10k-20k,python 开发工程师
北京好巧国际旅行社有限公司,大专,3-5年,北京,25k-35k,Python研发工程师
北京步鼎方舟科技有限公司,本科,3-5年,北京,10k-18k,Python开发工程师
上海彩亿信息技术有限公司,大专,3-5年,上海,15k-25k,python开发工程师
重庆融特通信技术有限公司,本科,不限,重庆,4k-8k,Python开发
北京汉迪移动互联网科技股份有限公司,本科,1-3年,北京,15k-30k,Python开发工程师
深圳市紫川软件有限公司,本科,1-3年,深圳,8k-14k,python工程师
上海店达信息技术有限公司,大专,1-3年,常州,5k-7k,Python研发工程师-CZ
武汉佰钧成技术有限责任公司,本科,1-3年,武汉,6k-12k,python开发工程师
北京搜狐新媒体信息技术有限公司,本科,1-3年,北京,20k-35k,狐友Python开发工程师
杭州云脑科技有限公司,本科,1-3年,北京,10k-20k,Python工程师
深圳佑驾创新科技有限公司,本科,1-3年,深圳,15k-30k,python工程师
广州市擎天柱网络科技有限公司,本科,不限,广州,6k-12k,Python开发工程师
北京瀚海星云科技有限公司,本科,1-3年,北京,15k-30k,Python工程师
武汉安天信息技术有限责任公司,本科,1-3年,武汉,8k-13k,python开发工程师
上海墨沐金融信息服务有限公司,本科,1-3年,上海,10k-20k,python 开发工程师
北京好巧国际旅行社有限公司,大专,3-5年,北京,25k-35k,Python研发工程师
北京步鼎方舟科技有限公司,本科,3-5年,北京,10k-18k,Python开发工程师
上海彩亿信息技术有限公司,大专,3-5年,上海,15k-25k,python开发工程师
重庆融特通信技术有限公司,本科,不限,重庆,4k-8k,Python开发
北京汉迪移动互联网科技股份有限公司,本科,1-3年,北京,15k-30k,Python开发工程师
深圳市紫川软件有限公司,本科,1-3年,深圳,8k-14k,python工程师
上海店达信息技术有限公司,大专,1-3年,常州,5k-7k,Python研发工程师-CZ
武汉佰钧成技术有限责任公司,本科,1-3年,武汉,6k-12k,python开发工程师
北京搜狐新媒体信息技术有限公司,本科,1-3年,北京,20k-35k,狐友Python开发工程师
杭州云脑科技有限公司,本科,1-3年,北京,10k-20k,Python工程师
深圳佑驾创新科技有限公司,本科,1-3年,深圳,15k-30k,python工程师
广州市擎天柱网络科技有限公司,本科,不限,广州,6k-12k,Python开发工程师
北京瀚海星云科技有限公司,本科,1-3年,北京,15k-30k,Python工程师
武汉安天信息技术有限责任公司,本科,1-3年,武汉,8k-13k,python开发工程师
上海墨沐金融信息服务有限公司,本科,1-3年,上海,10k-20k,python 开发工程师
北京好巧国际旅行社有限公司,大专,3-5年,北京,25k-35k,Python研发工程师
北京步鼎方舟科技有限公司,本科,3-5年,北京,10k-18k,Python开发工程师
上海彩亿信息技术有限公司,大专,3-5年,上海,15k-25k,python开发工程师
重庆融特通信技术有限公司,本科,不限,重庆,4k-8k,Python开发
北京汉迪移动互联网科技股份有限公司,本科,1-3年,北京,15k-30k,Python开发工程师
深圳市紫川软件有限公司,本科,1-3年,深圳,8k-14k,python工程师
上海店达信息技术有限公司,大专,1-3年,常州,5k-7k,Python研发工程师-CZ
武汉佰钧成技术有限责任公司,本科,1-3年,武汉,6k-12k,python开发工程师
北京搜狐新媒体信息技术有限公司,本科,1-3年,北京,20k-35k,狐友Python开发工程师
杭州云脑科技有限公司,本科,1-3年,北京,10k-20k,Python工程师
深圳佑驾创新科技有限公司,本科,1-3年,深圳,15k-30k,python工程师
广州市擎天柱网络科技有限公司,本科,不限,广州,6k-12k,Python开发工程师
北京瀚海星云科技有限公司,本科,1-3年,北京,15k-30k,Python工程师
武汉安天信息技术有限责任公司,本科,1-3年,武汉,8k-13k,python开发工程师
上海墨沐金融信息服务有限公司,本科,1-3年,上海,10k-20k,python 开发工程师
北京好巧国际旅行社有限公司,大专,3-5年,北京,25k-35k,Python研发工程师
北京步鼎方舟科技有限公司,本科,3-5年,北京,10k-18k,Python开发工程师
上海彩亿信息技术有限公司,大专,3-5年,上海,15k-25k,python开发工程师
重庆融特通信技术有限公司,本科,不限,重庆,4k-8k,Python开发
北京汉迪移动互联网科技股份有限公司,本科,1-3年,北京,15k-30k,Python开发工程师
深圳市紫川软件有限公司,本科,1-3年,深圳,8k-14k,python工程师
上海店达信息技术有限公司,大专,1-3年,常州,5k-7k,Python研发工程师-CZ
武汉佰钧成技术有限责任公司,本科,1-3年,武汉,6k-12k,python开发工程师
北京搜狐新媒体信息技术有限公司,本科,1-3年,北京,20k-35k,狐友Python开发工程师
杭州云脑科技有限公司,本科,1-3年,北京,10k-20k,Python工程师
深圳佑驾创新科技有限公司,本科,1-3年,深圳,15k-30k,python工程师
广州市擎天柱网络科技有限公司,本科,不限,广州,6k-12k,Python开发工程师
北京瀚海星云科技有限公司,本科,1-3年,北京,15k-30k,Python工程师
武汉安天信息技术有限责任公司,本科,1-3年,武汉,8k-13k,python开发工程师
上海墨沐金融信息服务有限公司,本科,1-3年,上海,10k-20k,python 开发工程师
北京好巧国际旅行社有限公司,大专,3-5年,北京,25k-35k,Python研发工程师
北京步鼎方舟科技有限公司,本科,3-5年,北京,10k-18k,Python开发工程师
上海彩亿信息技术有限公司,大专,3-5年,上海,15k-25k,python开发工程师
重庆融特通信技术有限公司,本科,不限,重庆,4k-8k,Python开发
北京汉迪移动互联网科技股份有限公司,本科,1-3年,北京,15k-30k,Python开发工程师
深圳市紫川软件有限公司,本科,1-3年,深圳,8k-14k,python工程师
上海店达信息技术有限公司,大专,1-3年,常州,5k-7k,Python研发工程师-CZ
武汉佰钧成技术有限责任公司,本科,1-3年,武汉,6k-12k,python开发工程师
北京搜狐新媒体信息技术有限公司,本科,1-3年,北京,20k-35k,狐友Python开发工程师
杭州云脑科技有限公司,本科,1-3年,北京,10k-20k,Python工程师
深圳佑驾创新科技有限公司,本科,1-3年,深圳,15k-30k,python工程师
广州市擎天柱网络科技有限公司,本科,不限,广州,6k-12k,Python开发工程师
北京瀚海星云科技有限公司,本科,1-3年,北京,15k-30k,Python工程师
武汉安天信息技术有限责任公司,本科,1-3年,武汉,8k-13k,python开发工程师
上海墨沐金融信息服务有限公司,本科,1-3年,上海,10k-20k,python 开发工程师
北京好巧国际旅行社有限公司,大专,3-5年,北京,25k-35k,Python研发工程师
北京步鼎方舟科技有限公司,本科,3-5年,北京,10k-18k,Python开发工程师
上海彩亿信息技术有限公司,大专,3-5年,上海,15k-25k,python开发工程师
重庆融特通信技术有限公司,本科,不限,重庆,4k-8k,Python开发
北京汉迪移动互联网科技股份有限公司,本科,1-3年,北京,15k-30k,Python开发工程师
深圳市紫川软件有限公司,本科,1-3年,深圳,8k-14k,python工程师
上海店达信息技术有限公司,大专,1-3年,常州,5k-7k,Python研发工程师-CZ
武汉佰钧成技术有限责任公司,本科,1-3年,武汉,6k-12k,python开发工程师
北京搜狐新媒体信息技术有限公司,本科,1-3年,北京,20k-35k,狐友Python开发工程师
杭州云脑科技有限公司,本科,1-3年,北京,10k-20k,Python工程师
深圳佑驾创新科技有限公司,本科,1-3年,深圳,15k-30k,python工程师
广州市擎天柱网络科技有限公司,本科,不限,广州,6k-12k,Python开发工程师
北京瀚海星云科技有限公司,本科,1-3年,北京,15k-30k,Python工程师
武汉安天信息技术有限责任公司,本科,1-3年,武汉,8k-13k,python开发工程师
上海墨沐金融信息服务有限公司,本科,1-3年,上海,10k-20k,python 开发工程师
北京好巧国际旅行社有限公司,大专,3-5年,北京,25k-35k,Python研发工程师
北京步鼎方舟科技有限公司,本科,3-5年,北京,10k-18k,Python开发工程师
上海彩亿信息技术有限公司,大专,3-5年,上海,15k-25k,python开发工程师
重庆融特通信技术有限公司,本科,不限,重庆,4k-8k,Python开发
北京汉迪移动互联网科技股份有限公司,本科,1-3年,北京,15k-30k,Python开发工程师
深圳市紫川软件有限公司,本科,1-3年,深圳,8k-14k,python工程师
上海店达信息技术有限公司,大专,1-3年,常州,5k-7k,Python研发工程师-CZ
武汉佰钧成技术有限责任公司,本科,1-3年,武汉,6k-12k,python开发工程师
北京搜狐新媒体信息技术有限公司,本科,1-3年,北京,20k-35k,狐友Python开发工程师
杭州云脑科技有限公司,本科,1-3年,北京,10k-20k,Python工程师
深圳佑驾创新科技有限公司,本科,1-3年,深圳,15k-30k,python工程师
广州市擎天柱网络科技有限公司,本科,不限,广州,6k-12k,Python开发工程师
北京瀚海星云科技有限公司,本科,1-3年,北京,15k-30k,Python工程师
武汉安天信息技术有限责任公司,本科,1-3年,武汉,8k-13k,python开发工程师
上海墨沐金融信息服务有限公司,本科,1-3年,上海,10k-20k,python 开发工程师
北京好巧国际旅行社有限公司,大专,3-5年,北京,25k-35k,Python研发工程师
北京步鼎方舟科技有限公司,本科,3-5年,北京,10k-18k,Python开发工程师
上海彩亿信息技术有限公司,大专,3-5年,上海,15k-25k,python开发工程师
重庆融特通信技术有限公司,本科,不限,重庆,4k-8k,Python开发
北京汉迪移动互联网科技股份有限公司,本科,1-3年,北京,15k-30k,Python开发工程师
深圳市紫川软件有限公司,本科,1-3年,深圳,8k-14k,python工程师
上海店达信息技术有限公司,大专,1-3年,常州,5k-7k,Python研发工程师-CZ
武汉佰钧成技术有限责任公司,本科,1-3年,武汉,6k-12k,python开发工程师
北京搜狐新媒体信息技术有限公司,本科,1-3年,北京,20k-35k,狐友Python开发工程师
杭州云脑科技有限公司,本科,1-3年,北京,10k-20k,Python工程师
深圳佑驾创新科技有限公司,本科,1-3年,深圳,15k-30k,python工程师
广州市擎天柱网络科技有限公司,本科,不限,广州,6k-12k,Python开发工程师
北京瀚海星云科技有限公司,本科,1-3年,北京,15k-30k,Python工程师
武汉安天信息技术有限责任公司,本科,1-3年,武汉,8k-13k,python开发工程师
上海墨沐金融信息服务有限公司,本科,1-3年,上海,10k-20k,python 开发工程师
北京好巧国际旅行社有限公司,大专,3-5年,北京,25k-35k,Python研发工程师
北京步鼎方舟科技有限公司,本科,3-5年,北京,10k-18k,Python开发工程师
上海彩亿信息技术有限公司,大专,3-5年,上海,15k-25k,python开发工程师
重庆融特通信技术有限公司,本科,不限,重庆,4k-8k,Python开发
北京汉迪移动互联网科技股份有限公司,本科,1-3年,北京,15k-30k,Python开发工程师
深圳市紫川软件有限公司,本科,1-3年,深圳,8k-14k,python工程师
上海店达信息技术有限公司,大专,1-3年,常州,5k-7k,Python研发工程师-CZ
武汉佰钧成技术有限责任公司,本科,1-3年,武汉,6k-12k,python开发工程师
北京搜狐新媒体信息技术有限公司,本科,1-3年,北京,20k-35k,狐友Python开发工程师
杭州云脑科技有限公司,本科,1-3年,北京,10k-20k,Python工程师
深圳佑驾创新科技有限公司,本科,1-3年,深圳,15k-30k,python工程师
广州市擎天柱网络科技有限公司,本科,不限,广州,6k-12k,Python开发工程师
北京瀚海星云科技有限公司,本科,1-3年,北京,15k-30k,Python工程师
武汉安天信息技术有限责任公司,本科,1-3年,武汉,8k-13k,python开发工程师
上海墨沐金融信息服务有限公司,本科,1-3年,上海,10k-20k,python 开发工程师
北京好巧国际旅行社有限公司,大专,3-5年,北京,25k-35k,Python研发工程师
北京步鼎方舟科技有限公司,本科,3-5年,北京,10k-18k,Python开发工程师
上海彩亿信息技术有限公司,大专,3-5年,上海,15k-25k,python开发工程师
重庆融特通信技术有限公司,本科,不限,重庆,4k-8k,Python开发
北京汉迪移动互联网科技股份有限公司,本科,1-3年,北京,15k-30k,Python开发工程师
深圳市紫川软件有限公司,本科,1-3年,深圳,8k-14k,python工程师
上海店达信息技术有限公司,大专,1-3年,常州,5k-7k,Python研发工程师-CZ
武汉佰钧成技术有限责任公司,本科,1-3年,武汉,6k-12k,python开发工程师
北京搜狐新媒体信息技术有限公司,本科,1-3年,北京,20k-35k,狐友Python开发工程师
杭州云脑科技有限公司,本科,1-3年,北京,10k-20k,Python工程师
深圳佑驾创新科技有限公司,本科,1-3年,深圳,15k-30k,python工程师
广州市擎天柱网络科技有限公司,本科,不限,广州,6k-12k,Python开发工程师
北京瀚海星云科技有限公司,本科,1-3年,北京,15k-30k,Python工程师
武汉安天信息技术有限责任公司,本科,1-3年,武汉,8k-13k,python开发工程师
上海墨沐金融信息服务有限公司,本科,1-3年,上海,10k-20k,python 开发工程师
北京好巧国际旅行社有限公司,大专,3-5年,北京,25k-35k,Python研发工程师
北京步鼎方舟科技有限公司,本科,3-5年,北京,10k-18k,Python开发工程师
上海彩亿信息技术有限公司,大专,3-5年,上海,15k-25k,python开发工程师
重庆融特通信技术有限公司,本科,不限,重庆,4k-8k,Python开发
北京汉迪移动互联网科技股份有限公司,本科,1-3年,北京,15k-30k,Python开发工程师
深圳市紫川软件有限公司,本科,1-3年,深圳,8k-14k,python工程师
上海店达信息技术有限公司,大专,1-3年,常州,5k-7k,Python研发工程师-CZ
武汉佰钧成技术有限责任公司,本科,1-3年,武汉,6k-12k,python开发工程师
北京搜狐新媒体信息技术有限公司,本科,1-3年,北京,20k-35k,狐友Python开发工程师
杭州云脑科技有限公司,本科,1-3年,北京,10k-20k,Python工程师
深圳佑驾创新科技有限公司,本科,1-3年,深圳,15k-30k,python工程师
广州市擎天柱网络科技有限公司,本科,不限,广州,6k-12k,Python开发工程师
北京瀚海星云科技有限公司,本科,1-3年,北京,15k-30k,Python工程师
武汉安天信息技术有限责任公司,本科,1-3年,武汉,8k-13k,python开发工程师
上海墨沐金融信息服务有限公司,本科,1-3年,上海,10k-20k,python 开发工程师
北京好巧国际旅行社有限公司,大专,3-5年,北京,25k-35k,Python研发工程师
北京步鼎方舟科技有限公司,本科,3-5年,北京,10k-18k,Python开发工程师
上海彩亿信息技术有限公司,大专,3-5年,上海,15k-25k,python开发工程师
重庆融特通信技术有限公司,本科,不限,重庆,4k-8k,Python开发
北京汉迪移动互联网科技股份有限公司,本科,1-3年,北京,15k-30k,Python开发工程师
深圳市紫川软件有限公司,本科,1-3年,深圳,8k-14k,python工程师
上海店达信息技术有限公司,大专,1-3年,常州,5k-7k,Python研发工程师-CZ
武汉佰钧成技术有限责任公司,本科,1-3年,武汉,6k-12k,python开发工程师
北京搜狐新媒体信息技术有限公司,本科,1-3年,北京,20k-35k,狐友Python开发工程师
杭州云脑科技有限公司,本科,1-3年,北京,10k-20k,Python工程师
深圳佑驾创新科技有限公司,本科,1-3年,深圳,15k-30k,python工程师
广州市擎天柱网络科技有限公司,本科,不限,广州,6k-12k,Python开发工程师
北京瀚海星云科技有限公司,本科,1-3年,北京,15k-30k,Python工程师
武汉安天信息技术有限责任公司,本科,1-3年,武汉,8k-13k,python开发工程师
上海墨沐金融信息服务有限公司,本科,1-3年,上海,10k-20k,python 开发工程师
北京好巧国际旅行社有限公司,大专,3-5年,北京,25k-35k,Python研发工程师
北京步鼎方舟科技有限公司,本科,3-5年,北京,10k-18k,Python开发工程师
上海彩亿信息技术有限公司,大专,3-5年,上海,15k-25k,python开发工程师
重庆融特通信技术有限公司,本科,不限,重庆,4k-8k,Python开发
北京汉迪移动互联网科技股份有限公司,本科,1-3年,北京,15k-30k,Python开发工程师
深圳市紫川软件有限公司,本科,1-3年,深圳,8k-14k,python工程师
上海店达信息技术有限公司,大专,1-3年,常州,5k-7k,Python研发工程师-CZ
武汉佰钧成技术有限责任公司,本科,1-3年,武汉,6k-12k,python开发工程师
北京搜狐新媒体信息技术有限公司,本科,1-3年,北京,20k-35k,狐友Python开发工程师
杭州云脑科技有限公司,本科,1-3年,北京,10k-20k,Python工程师
深圳佑驾创新科技有限公司,本科,1-3年,深圳,15k-30k,python工程师
广州市擎天柱网络科技有限公司,本科,不限,广州,6k-12k,Python开发工程师
北京瀚海星云科技有限公司,本科,1-3年,北京,15k-30k,Python工程师
武汉安天信息技术有限责任公司,本科,1-3年,武汉,8k-13k,python开发工程师
上海墨沐金融信息服务有限公司,本科,1-3年,上海,10k-20k,python 开发工程师
北京好巧国际旅行社有限公司,大专,3-5年,北京,25k-35k,Python研发工程师
北京步鼎方舟科技有限公司,本科,3-5年,北京,10k-18k,Python开发工程师
上海彩亿信息技术有限公司,大专,3-5年,上海,15k-25k,python开发工程师
重庆融特通信技术有限公司,本科,不限,重庆,4k-8k,Python开发
北京汉迪移动互联网科技股份有限公司,本科,1-3年,北京,15k-30k,Python开发工程师
深圳市紫川软件有限公司,本科,1-3年,深圳,8k-14k,python工程师
上海店达信息技术有限公司,大专,1-3年,常州,5k-7k,Python研发工程师-CZ
武汉佰钧成技术有限责任公司,本科,1-3年,武汉,6k-12k,python开发工程师
北京搜狐新媒体信息技术有限公司,本科,1-3年,北京,20k-35k,狐友Python开发工程师
杭州云脑科技有限公司,本科,1-3年,北京,10k-20k,Python工程师
深圳佑驾创新科技有限公司,本科,1-3年,深圳,15k-30k,python工程师
广州市擎天柱网络科技有限公司,本科,不限,广州,6k-12k,Python开发工程师
北京瀚海星云科技有限公司,本科,1-3年,北京,15k-30k,Python工程师
武汉安天信息技术有限责任公司,本科,1-3年,武汉,8k-13k,python开发工程师
上海墨沐金融信息服务有限公司,本科,1-3年,上海,10k-20k,python 开发工程师
北京好巧国际旅行社有限公司,大专,3-5年,北京,25k-35k,Python研发工程师
北京步鼎方舟科技有限公司,本科,3-5年,北京,10k-18k,Python开发工程师
北京慕华信息科技有限公司,本科,3-5年,北京,20k-35k,系统开发工程师（Python）
上海坤亿信息技术有限公司,本科,1-3年,上海,7k-10k,python 开发工程师
无锡华云数据技术服务有限公司,本科,3-5年,上海,15k-25k,103-中级Python开发工程师
京东金融,本科,5-10年,北京,25k-50k,Python研发工程师
北京趣拿软件科技有限公司,本科,1-3年,北京,15k-30k,Python开发工程师
车好多旧机动车经纪(北京)有限公司,本科,3-5年,北京,20k-40k,Python开发工程师
上海海知智能科技有限公司,本科,3-5年,北京,20k-40k,Python开发工程师
深圳市南方网通网络技术开发有限公司,本科,3-5年,深圳,10k-20k,Python工程师
上海合合信息科技发展有限公司,本科,1-3年,上海,10k-20k,python开发工程师
北京旷视科技有限公司,本科,1-3年,北京,20k-40k,Python工程师
蜜柚网络科技（上海）有限公司,本科,3-5年,上海,25k-50k,高级Python开发工程师
北京复华卓越商业管理有限公司,大专,5-10年,北京,15k-30k,Python开发工程师
苏州锦佰安信息技术有限公司,本科,3-5年,苏州,12k-20k,Python开发工程师
广州经传多赢投资咨询有限公司,本科,1-3年,广州,10k-20k,python高级开发工程师
宏居网络技术（上海）有限公司,本科,3-5年,上海,20k-30k,Python开发／后端软件工程师.
北京慕华信息科技有限公司,本科,3-5年,北京,20k-35k,系统开发工程师（Python）
上海坤亿信息技术有限公司,本科,1-3年,上海,7k-10k,python 开发工程师
无锡华云数据技术服务有限公司,本科,3-5年,上海,15k-25k,103-中级Python开发工程师
京东金融,本科,5-10年,北京,25k-50k,Python研发工程师
北京趣拿软件科技有限公司,本科,1-3年,北京,15k-30k,Python开发工程师
车好多旧机动车经纪(北京)有限公司,本科,3-5年,北京,20k-40k,Python开发工程师
上海海知智能科技有限公司,本科,3-5年,北京,20k-40k,Python开发工程师
深圳市南方网通网络技术开发有限公司,本科,3-5年,深圳,10k-20k,Python工程师
上海合合信息科技发展有限公司,本科,1-3年,上海,10k-20k,python开发工程师
北京旷视科技有限公司,本科,1-3年,北京,20k-40k,Python工程师
蜜柚网络科技（上海）有限公司,本科,3-5年,上海,25k-50k,高级Python开发工程师
北京复华卓越商业管理有限公司,大专,5-10年,北京,15k-30k,Python开发工程师
苏州锦佰安信息技术有限公司,本科,3-5年,苏州,12k-20k,Python开发工程师
广州经传多赢投资咨询有限公司,本科,1-3年,广州,10k-20k,python高级开发工程师
宏居网络技术（上海）有限公司,本科,3-5年,上海,20k-30k,Python开发／后端软件工程师.
北京慕华信息科技有限公司,本科,3-5年,北京,20k-35k,系统开发工程师（Python）
上海坤亿信息技术有限公司,本科,1-3年,上海,7k-10k,python 开发工程师
无锡华云数据技术服务有限公司,本科,3-5年,上海,15k-25k,103-中级Python开发工程师
京东金融,本科,5-10年,北京,25k-50k,Python研发工程师
北京趣拿软件科技有限公司,本科,1-3年,北京,15k-30k,Python开发工程师
车好多旧机动车经纪(北京)有限公司,本科,3-5年,北京,20k-40k,Python开发工程师
上海海知智能科技有限公司,本科,3-5年,北京,20k-40k,Python开发工程师
深圳市南方网通网络技术开发有限公司,本科,3-5年,深圳,10k-20k,Python工程师
上海合合信息科技发展有限公司,本科,1-3年,上海,10k-20k,python开发工程师
北京旷视科技有限公司,本科,1-3年,北京,20k-40k,Python工程师
蜜柚网络科技（上海）有限公司,本科,3-5年,上海,25k-50k,高级Python开发工程师
北京复华卓越商业管理有限公司,大专,5-10年,北京,15k-30k,Python开发工程师
苏州锦佰安信息技术有限公司,本科,3-5年,苏州,12k-20k,Python开发工程师
广州经传多赢投资咨询有限公司,本科,1-3年,广州,10k-20k,python高级开发工程师
宏居网络技术（上海）有限公司,本科,3-5年,上海,20k-30k,Python开发／后端软件工程师.
北京慕华信息科技有限公司,本科,3-5年,北京,20k-35k,系统开发工程师（Python）
上海坤亿信息技术有限公司,本科,1-3年,上海,7k-10k,python 开发工程师
无锡华云数据技术服务有限公司,本科,3-5年,上海,15k-25k,103-中级Python开发工程师
京东金融,本科,5-10年,北京,25k-50k,Python研发工程师
北京趣拿软件科技有限公司,本科,1-3年,北京,15k-30k,Python开发工程师
车好多旧机动车经纪(北京)有限公司,本科,3-5年,北京,20k-40k,Python开发工程师
上海海知智能科技有限公司,本科,3-5年,北京,20k-40k,Python开发工程师
深圳市南方网通网络技术开发有限公司,本科,3-5年,深圳,10k-20k,Python工程师
上海合合信息科技发展有限公司,本科,1-3年,上海,10k-20k,python开发工程师
北京旷视科技有限公司,本科,1-3年,北京,20k-40k,Python工程师
蜜柚网络科技（上海）有限公司,本科,3-5年,上海,25k-50k,高级Python开发工程师
北京复华卓越商业管理有限公司,大专,5-10年,北京,15k-30k,Python开发工程师
苏州锦佰安信息技术有限公司,本科,3-5年,苏州,12k-20k,Python开发工程师
广州经传多赢投资咨询有限公司,本科,1-3年,广州,10k-20k,python高级开发工程师
宏居网络技术（上海）有限公司,本科,3-5年,上海,20k-30k,Python开发／后端软件工程师.
北京慕华信息科技有限公司,本科,3-5年,北京,20k-35k,系统开发工程师（Python）
上海坤亿信息技术有限公司,本科,1-3年,上海,7k-10k,python 开发工程师
无锡华云数据技术服务有限公司,本科,3-5年,上海,15k-25k,103-中级Python开发工程师
京东金融,本科,5-10年,北京,25k-50k,Python研发工程师
北京趣拿软件科技有限公司,本科,1-3年,北京,15k-30k,Python开发工程师
车好多旧机动车经纪(北京)有限公司,本科,3-5年,北京,20k-40k,Python开发工程师
上海海知智能科技有限公司,本科,3-5年,北京,20k-40k,Python开发工程师
深圳市南方网通网络技术开发有限公司,本科,3-5年,深圳,10k-20k,Python工程师
上海合合信息科技发展有限公司,本科,1-3年,上海,10k-20k,python开发工程师
北京旷视科技有限公司,本科,1-3年,北京,20k-40k,Python工程师
蜜柚网络科技（上海）有限公司,本科,3-5年,上海,25k-50k,高级Python开发工程师
北京复华卓越商业管理有限公司,大专,5-10年,北京,15k-30k,Python开发工程师
苏州锦佰安信息技术有限公司,本科,3-5年,苏州,12k-20k,Python开发工程师
广州经传多赢投资咨询有限公司,本科,1-3年,广州,10k-20k,python高级开发工程师
宏居网络技术（上海）有限公司,本科,3-5年,上海,20k-30k,Python开发／后端软件工程师.
北京慕华信息科技有限公司,本科,3-5年,北京,20k-35k,系统开发工程师（Python）
上海坤亿信息技术有限公司,本科,1-3年,上海,7k-10k,python 开发工程师
无锡华云数据技术服务有限公司,本科,3-5年,上海,15k-25k,103-中级Python开发工程师
京东金融,本科,5-10年,北京,25k-50k,Python研发工程师
北京趣拿软件科技有限公司,本科,1-3年,北京,15k-30k,Python开发工程师
车好多旧机动车经纪(北京)有限公司,本科,3-5年,北京,20k-40k,Python开发工程师
上海海知智能科技有限公司,本科,3-5年,北京,20k-40k,Python开发工程师
深圳市南方网通网络技术开发有限公司,本科,3-5年,深圳,10k-20k,Python工程师
上海合合信息科技发展有限公司,本科,1-3年,上海,10k-20k,python开发工程师
北京旷视科技有限公司,本科,1-3年,北京,20k-40k,Python工程师
蜜柚网络科技（上海）有限公司,本科,3-5年,上海,25k-50k,高级Python开发工程师
北京复华卓越商业管理有限公司,大专,5-10年,北京,15k-30k,Python开发工程师
苏州锦佰安信息技术有限公司,本科,3-5年,苏州,12k-20k,Python开发工程师
广州经传多赢投资咨询有限公司,本科,1-3年,广州,10k-20k,python高级开发工程师
宏居网络技术（上海）有限公司,本科,3-5年,上海,20k-30k,Python开发／后端软件工程师.
北京慕华信息科技有限公司,本科,3-5年,北京,20k-35k,系统开发工程师（Python）
上海坤亿信息技术有限公司,本科,1-3年,上海,7k-10k,python 开发工程师
无锡华云数据技术服务有限公司,本科,3-5年,上海,15k-25k,103-中级Python开发工程师
京东金融,本科,5-10年,北京,25k-50k,Python研发工程师
北京趣拿软件科技有限公司,本科,1-3年,北京,15k-30k,Python开发工程师
车好多旧机动车经纪(北京)有限公司,本科,3-5年,北京,20k-40k,Python开发工程师
上海海知智能科技有限公司,本科,3-5年,北京,20k-40k,Python开发工程师
深圳市南方网通网络技术开发有限公司,本科,3-5年,深圳,10k-20k,Python工程师
上海合合信息科技发展有限公司,本科,1-3年,上海,10k-20k,python开发工程师
北京旷视科技有限公司,本科,1-3年,北京,20k-40k,Python工程师
蜜柚网络科技（上海）有限公司,本科,3-5年,上海,25k-50k,高级Python开发工程师
北京复华卓越商业管理有限公司,大专,5-10年,北京,15k-30k,Python开发工程师
苏州锦佰安信息技术有限公司,本科,3-5年,苏州,12k-20k,Python开发工程师
广州经传多赢投资咨询有限公司,本科,1-3年,广州,10k-20k,python高级开发工程师
宏居网络技术（上海）有限公司,本科,3-5年,上海,20k-30k,Python开发／后端软件工程师.
北京慕华信息科技有限公司,本科,3-5年,北京,20k-35k,系统开发工程师（Python）
上海坤亿信息技术有限公司,本科,1-3年,上海,7k-10k,python 开发工程师
无锡华云数据技术服务有限公司,本科,3-5年,上海,15k-25k,103-中级Python开发工程师
京东金融,本科,5-10年,北京,25k-50k,Python研发工程师
北京趣拿软件科技有限公司,本科,1-3年,北京,15k-30k,Python开发工程师
车好多旧机动车经纪(北京)有限公司,本科,3-5年,北京,20k-40k,Python开发工程师
上海海知智能科技有限公司,本科,3-5年,北京,20k-40k,Python开发工程师
深圳市南方网通网络技术开发有限公司,本科,3-5年,深圳,10k-20k,Python工程师
上海合合信息科技发展有限公司,本科,1-3年,上海,10k-20k,python开发工程师
北京旷视科技有限公司,本科,1-3年,北京,20k-40k,Python工程师
蜜柚网络科技（上海）有限公司,本科,3-5年,上海,25k-50k,高级Python开发工程师
北京复华卓越商业管理有限公司,大专,5-10年,北京,15k-30k,Python开发工程师
苏州锦佰安信息技术有限公司,本科,3-5年,苏州,12k-20k,Python开发工程师
广州经传多赢投资咨询有限公司,本科,1-3年,广州,10k-20k,python高级开发工程师
宏居网络技术（上海）有限公司,本科,3-5年,上海,20k-30k,Python开发／后端软件工程师.
北京慕华信息科技有限公司,本科,3-5年,北京,20k-35k,系统开发工程师（Python）
上海坤亿信息技术有限公司,本科,1-3年,上海,7k-10k,python 开发工程师
无锡华云数据技术服务有限公司,本科,3-5年,上海,15k-25k,103-中级Python开发工程师
京东金融,本科,5-10年,北京,25k-50k,Python研发工程师
北京趣拿软件科技有限公司,本科,1-3年,北京,15k-30k,Python开发工程师
车好多旧机动车经纪(北京)有限公司,本科,3-5年,北京,20k-40k,Python开发工程师
上海海知智能科技有限公司,本科,3-5年,北京,20k-40k,Python开发工程师
深圳市南方网通网络技术开发有限公司,本科,3-5年,深圳,10k-20k,Python工程师
上海合合信息科技发展有限公司,本科,1-3年,上海,10k-20k,python开发工程师
北京旷视科技有限公司,本科,1-3年,北京,20k-40k,Python工程师
蜜柚网络科技（上海）有限公司,本科,3-5年,上海,25k-50k,高级Python开发工程师
北京复华卓越商业管理有限公司,大专,5-10年,北京,15k-30k,Python开发工程师
苏州锦佰安信息技术有限公司,本科,3-5年,苏州,12k-20k,Python开发工程师
广州经传多赢投资咨询有限公司,本科,1-3年,广州,10k-20k,python高级开发工程师
宏居网络技术（上海）有限公司,本科,3-5年,上海,20k-30k,Python开发／后端软件工程师.
北京慕华信息科技有限公司,本科,3-5年,北京,20k-35k,系统开发工程师（Python）
上海坤亿信息技术有限公司,本科,1-3年,上海,7k-10k,python 开发工程师
无锡华云数据技术服务有限公司,本科,3-5年,上海,15k-25k,103-中级Python开发工程师
京东金融,本科,5-10年,北京,25k-50k,Python研发工程师
北京趣拿软件科技有限公司,本科,1-3年,北京,15k-30k,Python开发工程师
车好多旧机动车经纪(北京)有限公司,本科,3-5年,北京,20k-40k,Python开发工程师
上海海知智能科技有限公司,本科,3-5年,北京,20k-40k,Python开发工程师
深圳市南方网通网络技术开发有限公司,本科,3-5年,深圳,10k-20k,Python工程师
上海合合信息科技发展有限公司,本科,1-3年,上海,10k-20k,python开发工程师
北京旷视科技有限公司,本科,1-3年,北京,20k-40k,Python工程师
蜜柚网络科技（上海）有限公司,本科,3-5年,上海,25k-50k,高级Python开发工程师
北京复华卓越商业管理有限公司,大专,5-10年,北京,15k-30k,Python开发工程师
苏州锦佰安信息技术有限公司,本科,3-5年,苏州,12k-20k,Python开发工程师
广州经传多赢投资咨询有限公司,本科,1-3年,广州,10k-20k,python高级开发工程师
宏居网络技术（上海）有限公司,本科,3-5年,上海,20k-30k,Python开发／后端软件工程师.
北京慕华信息科技有限公司,本科,3-5年,北京,20k-35k,系统开发工程师（Python）
上海坤亿信息技术有限公司,本科,1-3年,上海,7k-10k,python 开发工程师
无锡华云数据技术服务有限公司,本科,3-5年,上海,15k-25k,103-中级Python开发工程师
京东金融,本科,5-10年,北京,25k-50k,Python研发工程师
北京趣拿软件科技有限公司,本科,1-3年,北京,15k-30k,Python开发工程师
车好多旧机动车经纪(北京)有限公司,本科,3-5年,北京,20k-40k,Python开发工程师
上海海知智能科技有限公司,本科,3-5年,北京,20k-40k,Python开发工程师
深圳市南方网通网络技术开发有限公司,本科,3-5年,深圳,10k-20k,Python工程师
上海合合信息科技发展有限公司,本科,1-3年,上海,10k-20k,python开发工程师
北京旷视科技有限公司,本科,1-3年,北京,20k-40k,Python工程师
蜜柚网络科技（上海）有限公司,本科,3-5年,上海,25k-50k,高级Python开发工程师
北京复华卓越商业管理有限公司,大专,5-10年,北京,15k-30k,Python开发工程师
苏州锦佰安信息技术有限公司,本科,3-5年,苏州,12k-20k,Python开发工程师
广州经传多赢投资咨询有限公司,本科,1-3年,广州,10k-20k,python高级开发工程师
宏居网络技术（上海）有限公司,本科,3-5年,上海,20k-30k,Python开发／后端软件工程师.
北京慕华信息科技有限公司,本科,3-5年,北京,20k-35k,系统开发工程师（Python）
上海坤亿信息技术有限公司,本科,1-3年,上海,7k-10k,python 开发工程师
无锡华云数据技术服务有限公司,本科,3-5年,上海,15k-25k,103-中级Python开发工程师
京东金融,本科,5-10年,北京,25k-50k,Python研发工程师
北京趣拿软件科技有限公司,本科,1-3年,北京,15k-30k,Python开发工程师
车好多旧机动车经纪(北京)有限公司,本科,3-5年,北京,20k-40k,Python开发工程师
上海海知智能科技有限公司,本科,3-5年,北京,20k-40k,Python开发工程师
深圳市南方网通网络技术开发有限公司,本科,3-5年,深圳,10k-20k,Python工程师
上海合合信息科技发展有限公司,本科,1-3年,上海,10k-20k,python开发工程师
北京旷视科技有限公司,本科,1-3年,北京,20k-40k,Python工程师
蜜柚网络科技（上海）有限公司,本科,3-5年,上海,25k-50k,高级Python开发工程师
北京复华卓越商业管理有限公司,大专,5-10年,北京,15k-30k,Python开发工程师
苏州锦佰安信息技术有限公司,本科,3-5年,苏州,12k-20k,Python开发工程师
广州经传多赢投资咨询有限公司,本科,1-3年,广州,10k-20k,python高级开发工程师
宏居网络技术（上海）有限公司,本科,3-5年,上海,20k-30k,Python开发／后端软件工程师.
北京慕华信息科技有限公司,本科,3-5年,北京,20k-35k,系统开发工程师（Python）
上海坤亿信息技术有限公司,本科,1-3年,上海,7k-10k,python 开发工程师
无锡华云数据技术服务有限公司,本科,3-5年,上海,15k-25k,103-中级Python开发工程师
京东金融,本科,5-10年,北京,25k-50k,Python研发工程师
北京趣拿软件科技有限公司,本科,1-3年,北京,15k-30k,Python开发工程师
车好多旧机动车经纪(北京)有限公司,本科,3-5年,北京,20k-40k,Python开发工程师
上海海知智能科技有限公司,本科,3-5年,北京,20k-40k,Python开发工程师
深圳市南方网通网络技术开发有限公司,本科,3-5年,深圳,10k-20k,Python工程师
上海合合信息科技发展有限公司,本科,1-3年,上海,10k-20k,python开发工程师
北京旷视科技有限公司,本科,1-3年,北京,20k-40k,Python工程师
蜜柚网络科技（上海）有限公司,本科,3-5年,上海,25k-50k,高级Python开发工程师
北京复华卓越商业管理有限公司,大专,5-10年,北京,15k-30k,Python开发工程师
苏州锦佰安信息技术有限公司,本科,3-5年,苏州,12k-20k,Python开发工程师
广州经传多赢投资咨询有限公司,本科,1-3年,广州,10k-20k,python高级开发工程师
宏居网络技术（上海）有限公司,本科,3-5年,上海,20k-30k,Python开发／后端软件工程师.
北京慕华信息科技有限公司,本科,3-5年,北京,20k-35k,系统开发工程师（Python）
上海坤亿信息技术有限公司,本科,1-3年,上海,7k-10k,python 开发工程师
无锡华云数据技术服务有限公司,本科,3-5年,上海,15k-25k,103-中级Python开发工程师
京东金融,本科,5-10年,北京,25k-50k,Python研发工程师
北京趣拿软件科技有限公司,本科,1-3年,北京,15k-30k,Python开发工程师
车好多旧机动车经纪(北京)有限公司,本科,3-5年,北京,20k-40k,Python开发工程师
上海海知智能科技有限公司,本科,3-5年,北京,20k-40k,Python开发工程师
深圳市南方网通网络技术开发有限公司,本科,3-5年,深圳,10k-20k,Python工程师
上海合合信息科技发展有限公司,本科,1-3年,上海,10k-20k,python开发工程师
北京旷视科技有限公司,本科,1-3年,北京,20k-40k,Python工程师
蜜柚网络科技（上海）有限公司,本科,3-5年,上海,25k-50k,高级Python开发工程师
北京复华卓越商业管理有限公司,大专,5-10年,北京,15k-30k,Python开发工程师
苏州锦佰安信息技术有限公司,本科,3-5年,苏州,12k-20k,Python开发工程师
广州经传多赢投资咨询有限公司,本科,1-3年,广州,10k-20k,python高级开发工程师
宏居网络技术（上海）有限公司,本科,3-5年,上海,20k-30k,Python开发／后端软件工程师.
北京慕华信息科技有限公司,本科,3-5年,北京,20k-35k,系统开发工程师（Python）
上海坤亿信息技术有限公司,本科,1-3年,上海,7k-10k,python 开发工程师
无锡华云数据技术服务有限公司,本科,3-5年,上海,15k-25k,103-中级Python开发工程师
京东金融,本科,5-10年,北京,25k-50k,Python研发工程师
北京趣拿软件科技有限公司,本科,1-3年,北京,15k-30k,Python开发工程师
车好多旧机动车经纪(北京)有限公司,本科,3-5年,北京,20k-40k,Python开发工程师
上海海知智能科技有限公司,本科,3-5年,北京,20k-40k,Python开发工程师
深圳市南方网通网络技术开发有限公司,本科,3-5年,深圳,10k-20k,Python工程师
上海合合信息科技发展有限公司,本科,1-3年,上海,10k-20k,python开发工程师
北京旷视科技有限公司,本科,1-3年,北京,20k-40k,Python工程师
蜜柚网络科技（上海）有限公司,本科,3-5年,上海,25k-50k,高级Python开发工程师
北京复华卓越商业管理有限公司,大专,5-10年,北京,15k-30k,Python开发工程师
苏州锦佰安信息技术有限公司,本科,3-5年,苏州,12k-20k,Python开发工程师
广州经传多赢投资咨询有限公司,本科,1-3年,广州,10k-20k,python高级开发工程师
宏居网络技术（上海）有限公司,本科,3-5年,上海,20k-30k,Python开发／后端软件工程师.
北京慕华信息科技有限公司,本科,3-5年,北京,20k-35k,系统开发工程师（Python）
上海坤亿信息技术有限公司,本科,1-3年,上海,7k-10k,python 开发工程师
无锡华云数据技术服务有限公司,本科,3-5年,上海,15k-25k,103-中级Python开发工程师
京东金融,本科,5-10年,北京,25k-50k,Python研发工程师
北京趣拿软件科技有限公司,本科,1-3年,北京,15k-30k,Python开发工程师
车好多旧机动车经纪(北京)有限公司,本科,3-5年,北京,20k-40k,Python开发工程师
上海海知智能科技有限公司,本科,3-5年,北京,20k-40k,Python开发工程师
深圳市南方网通网络技术开发有限公司,本科,3-5年,深圳,10k-20k,Python工程师
上海合合信息科技发展有限公司,本科,1-3年,上海,10k-20k,python开发工程师
北京旷视科技有限公司,本科,1-3年,北京,20k-40k,Python工程师
蜜柚网络科技（上海）有限公司,本科,3-5年,上海,25k-50k,高级Python开发工程师
北京复华卓越商业管理有限公司,大专,5-10年,北京,15k-30k,Python开发工程师
苏州锦佰安信息技术有限公司,本科,3-5年,苏州,12k-20k,Python开发工程师
广州经传多赢投资咨询有限公司,本科,1-3年,广州,10k-20k,python高级开发工程师
宏居网络技术（上海）有限公司,本科,3-5年,上海,20k-30k,Python开发／后端软件工程师.
北京慕华信息科技有限公司,本科,3-5年,北京,20k-35k,系统开发工程师（Python）
上海坤亿信息技术有限公司,本科,1-3年,上海,7k-10k,python 开发工程师
无锡华云数据技术服务有限公司,本科,3-5年,上海,15k-25k,103-中级Python开发工程师
京东金融,本科,5-10年,北京,25k-50k,Python研发工程师
北京趣拿软件科技有限公司,本科,1-3年,北京,15k-30k,Python开发工程师
车好多旧机动车经纪(北京)有限公司,本科,3-5年,北京,20k-40k,Python开发工程师
上海海知智能科技有限公司,本科,3-5年,北京,20k-40k,Python开发工程师
深圳市南方网通网络技术开发有限公司,本科,3-5年,深圳,10k-20k,Python工程师
上海合合信息科技发展有限公司,本科,1-3年,上海,10k-20k,python开发工程师
北京旷视科技有限公司,本科,1-3年,北京,20k-40k,Python工程师
蜜柚网络科技（上海）有限公司,本科,3-5年,上海,25k-50k,高级Python开发工程师
北京复华卓越商业管理有限公司,大专,5-10年,北京,15k-30k,Python开发工程师
苏州锦佰安信息技术有限公司,本科,3-5年,苏州,12k-20k,Python开发工程师
广州经传多赢投资咨询有限公司,本科,1-3年,广州,10k-20k,python高级开发工程师
宏居网络技术（上海）有限公司,本科,3-5年,上海,20k-30k,Python开发／后端软件工程师.
北京慕华信息科技有限公司,本科,3-5年,北京,20k-35k,系统开发工程师（Python）
上海坤亿信息技术有限公司,本科,1-3年,上海,7k-10k,python 开发工程师
无锡华云数据技术服务有限公司,本科,3-5年,上海,15k-25k,103-中级Python开发工程师
京东金融,本科,5-10年,北京,25k-50k,Python研发工程师
北京趣拿软件科技有限公司,本科,1-3年,北京,15k-30k,Python开发工程师
车好多旧机动车经纪(北京)有限公司,本科,3-5年,北京,20k-40k,Python开发工程师
上海海知智能科技有限公司,本科,3-5年,北京,20k-40k,Python开发工程师
深圳市南方网通网络技术开发有限公司,本科,3-5年,深圳,10k-20k,Python工程师
上海合合信息科技发展有限公司,本科,1-3年,上海,10k-20k,python开发工程师
北京旷视科技有限公司,本科,1-3年,北京,20k-40k,Python工程师
蜜柚网络科技（上海）有限公司,本科,3-5年,上海,25k-50k,高级Python开发工程师
北京复华卓越商业管理有限公司,大专,5-10年,北京,15k-30k,Python开发工程师
苏州锦佰安信息技术有限公司,本科,3-5年,苏州,12k-20k,Python开发工程师
广州经传多赢投资咨询有限公司,本科,1-3年,广州,10k-20k,python高级开发工程师
宏居网络技术（上海）有限公司,本科,3-5年,上海,20k-30k,Python开发／后端软件工程师.
北京慕华信息科技有限公司,本科,3-5年,北京,20k-35k,系统开发工程师（Python）
上海坤亿信息技术有限公司,本科,1-3年,上海,7k-10k,python 开发工程师
无锡华云数据技术服务有限公司,本科,3-5年,上海,15k-25k,103-中级Python开发工程师
京东金融,本科,5-10年,北京,25k-50k,Python研发工程师
北京趣拿软件科技有限公司,本科,1-3年,北京,15k-30k,Python开发工程师
车好多旧机动车经纪(北京)有限公司,本科,3-5年,北京,20k-40k,Python开发工程师
上海海知智能科技有限公司,本科,3-5年,北京,20k-40k,Python开发工程师
深圳市南方网通网络技术开发有限公司,本科,3-5年,深圳,10k-20k,Python工程师
上海合合信息科技发展有限公司,本科,1-3年,上海,10k-20k,python开发工程师
北京旷视科技有限公司,本科,1-3年,北京,20k-40k,Python工程师
蜜柚网络科技（上海）有限公司,本科,3-5年,上海,25k-50k,高级Python开发工程师
北京复华卓越商业管理有限公司,大专,5-10年,北京,15k-30k,Python开发工程师
苏州锦佰安信息技术有限公司,本科,3-5年,苏州,12k-20k,Python开发工程师
广州经传多赢投资咨询有限公司,本科,1-3年,广州,10k-20k,python高级开发工程师
宏居网络技术（上海）有限公司,本科,3-5年,上海,20k-30k,Python开发／后端软件工程师.
北京慕华信息科技有限公司,本科,3-5年,北京,20k-35k,系统开发工程师（Python）
上海坤亿信息技术有限公司,本科,1-3年,上海,7k-10k,python 开发工程师
无锡华云数据技术服务有限公司,本科,3-5年,上海,15k-25k,103-中级Python开发工程师
京东金融,本科,5-10年,北京,25k-50k,Python研发工程师
北京趣拿软件科技有限公司,本科,1-3年,北京,15k-30k,Python开发工程师
车好多旧机动车经纪(北京)有限公司,本科,3-5年,北京,20k-40k,Python开发工程师
上海海知智能科技有限公司,本科,3-5年,北京,20k-40k,Python开发工程师
深圳市南方网通网络技术开发有限公司,本科,3-5年,深圳,10k-20k,Python工程师
上海合合信息科技发展有限公司,本科,1-3年,上海,10k-20k,python开发工程师
北京旷视科技有限公司,本科,1-3年,北京,20k-40k,Python工程师
蜜柚网络科技（上海）有限公司,本科,3-5年,上海,25k-50k,高级Python开发工程师
北京复华卓越商业管理有限公司,大专,5-10年,北京,15k-30k,Python开发工程师
苏州锦佰安信息技术有限公司,本科,3-5年,苏州,12k-20k,Python开发工程师
广州经传多赢投资咨询有限公司,本科,1-3年,广州,10k-20k,python高级开发工程师
宏居网络技术（上海）有限公司,本科,3-5年,上海,20k-30k,Python开发／后端软件工程师.
北京慕华信息科技有限公司,本科,3-5年,北京,20k-35k,系统开发工程师（Python）
上海坤亿信息技术有限公司,本科,1-3年,上海,7k-10k,python 开发工程师
无锡华云数据技术服务有限公司,本科,3-5年,上海,15k-25k,103-中级Python开发工程师
京东金融,本科,5-10年,北京,25k-50k,Python研发工程师
北京趣拿软件科技有限公司,本科,1-3年,北京,15k-30k,Python开发工程师
车好多旧机动车经纪(北京)有限公司,本科,3-5年,北京,20k-40k,Python开发工程师
上海海知智能科技有限公司,本科,3-5年,北京,20k-40k,Python开发工程师
深圳市南方网通网络技术开发有限公司,本科,3-5年,深圳,10k-20k,Python工程师
上海合合信息科技发展有限公司,本科,1-3年,上海,10k-20k,python开发工程师
北京旷视科技有限公司,本科,1-3年,北京,20k-40k,Python工程师
蜜柚网络科技（上海）有限公司,本科,3-5年,上海,25k-50k,高级Python开发工程师
北京复华卓越商业管理有限公司,大专,5-10年,北京,15k-30k,Python开发工程师
苏州锦佰安信息技术有限公司,本科,3-5年,苏州,12k-20k,Python开发工程师
广州经传多赢投资咨询有限公司,本科,1-3年,广州,10k-20k,python高级开发工程师
宏居网络技术（上海）有限公司,本科,3-5年,上海,20k-30k,Python开发／后端软件工程师.
北京慕华信息科技有限公司,本科,3-5年,北京,20k-35k,系统开发工程师（Python）
上海坤亿信息技术有限公司,本科,1-3年,上海,7k-10k,python 开发工程师
无锡华云数据技术服务有限公司,本科,3-5年,上海,15k-25k,103-中级Python开发工程师
京东金融,本科,5-10年,北京,25k-50k,Python研发工程师
北京趣拿软件科技有限公司,本科,1-3年,北京,15k-30k,Python开发工程师
车好多旧机动车经纪(北京)有限公司,本科,3-5年,北京,20k-40k,Python开发工程师
上海海知智能科技有限公司,本科,3-5年,北京,20k-40k,Python开发工程师
深圳市南方网通网络技术开发有限公司,本科,3-5年,深圳,10k-20k,Python工程师
上海合合信息科技发展有限公司,本科,1-3年,上海,10k-20k,python开发工程师
北京旷视科技有限公司,本科,1-3年,北京,20k-40k,Python工程师
蜜柚网络科技（上海）有限公司,本科,3-5年,上海,25k-50k,高级Python开发工程师
北京复华卓越商业管理有限公司,大专,5-10年,北京,15k-30k,Python开发工程师
苏州锦佰安信息技术有限公司,本科,3-5年,苏州,12k-20k,Python开发工程师
广州经传多赢投资咨询有限公司,本科,1-3年,广州,10k-20k,python高级开发工程师
宏居网络技术（上海）有限公司,本科,3-5年,上海,20k-30k,Python开发／后端软件工程师.
北京慕华信息科技有限公司,本科,3-5年,北京,20k-35k,系统开发工程师（Python）
上海坤亿信息技术有限公司,本科,1-3年,上海,7k-10k,python 开发工程师
无锡华云数据技术服务有限公司,本科,3-5年,上海,15k-25k,103-中级Python开发工程师
京东金融,本科,5-10年,北京,25k-50k,Python研发工程师
北京趣拿软件科技有限公司,本科,1-3年,北京,15k-30k,Python开发工程师
车好多旧机动车经纪(北京)有限公司,本科,3-5年,北京,20k-40k,Python开发工程师
上海海知智能科技有限公司,本科,3-5年,北京,20k-40k,Python开发工程师
深圳市南方网通网络技术开发有限公司,本科,3-5年,深圳,10k-20k,Python工程师
上海合合信息科技发展有限公司,本科,1-3年,上海,10k-20k,python开发工程师
北京旷视科技有限公司,本科,1-3年,北京,20k-40k,Python工程师
蜜柚网络科技（上海）有限公司,本科,3-5年,上海,25k-50k,高级Python开发工程师
北京复华卓越商业管理有限公司,大专,5-10年,北京,15k-30k,Python开发工程师
苏州锦佰安信息技术有限公司,本科,3-5年,苏州,12k-20k,Python开发工程师
广州经传多赢投资咨询有限公司,本科,1-3年,广州,10k-20k,python高级开发工程师
宏居网络技术（上海）有限公司,本科,3-5年,上海,20k-30k,Python开发／后端软件工程师.
北京慕华信息科技有限公司,本科,3-5年,北京,20k-35k,系统开发工程师（Python）
上海坤亿信息技术有限公司,本科,1-3年,上海,7k-10k,python 开发工程师
无锡华云数据技术服务有限公司,本科,3-5年,上海,15k-25k,103-中级Python开发工程师
京东金融,本科,5-10年,北京,25k-50k,Python研发工程师
北京趣拿软件科技有限公司,本科,1-3年,北京,15k-30k,Python开发工程师
车好多旧机动车经纪(北京)有限公司,本科,3-5年,北京,20k-40k,Python开发工程师
上海海知智能科技有限公司,本科,3-5年,北京,20k-40k,Python开发工程师
深圳市南方网通网络技术开发有限公司,本科,3-5年,深圳,10k-20k,Python工程师
上海合合信息科技发展有限公司,本科,1-3年,上海,10k-20k,python开发工程师
北京旷视科技有限公司,本科,1-3年,北京,20k-40k,Python工程师
蜜柚网络科技（上海）有限公司,本科,3-5年,上海,25k-50k,高级Python开发工程师
北京复华卓越商业管理有限公司,大专,5-10年,北京,15k-30k,Python开发工程师
苏州锦佰安信息技术有限公司,本科,3-5年,苏州,12k-20k,Python开发工程师
广州经传多赢投资咨询有限公司,本科,1-3年,广州,10k-20k,python高级开发工程师
宏居网络技术（上海）有限公司,本科,3-5年,上海,20k-30k,Python开发／后端软件工程师.
北京慕华信息科技有限公司,本科,3-5年,北京,20k-35k,系统开发工程师（Python）
上海坤亿信息技术有限公司,本科,1-3年,上海,7k-10k,python 开发工程师
无锡华云数据技术服务有限公司,本科,3-5年,上海,15k-25k,103-中级Python开发工程师
京东金融,本科,5-10年,北京,25k-50k,Python研发工程师
北京趣拿软件科技有限公司,本科,1-3年,北京,15k-30k,Python开发工程师
车好多旧机动车经纪(北京)有限公司,本科,3-5年,北京,20k-40k,Python开发工程师
上海海知智能科技有限公司,本科,3-5年,北京,20k-40k,Python开发工程师
深圳市南方网通网络技术开发有限公司,本科,3-5年,深圳,10k-20k,Python工程师
上海合合信息科技发展有限公司,本科,1-3年,上海,10k-20k,python开发工程师
北京旷视科技有限公司,本科,1-3年,北京,20k-40k,Python工程师
蜜柚网络科技（上海）有限公司,本科,3-5年,上海,25k-50k,高级Python开发工程师
北京复华卓越商业管理有限公司,大专,5-10年,北京,15k-30k,Python开发工程师
苏州锦佰安信息技术有限公司,本科,3-5年,苏州,12k-20k,Python开发工程师
广州经传多赢投资咨询有限公司,本科,1-3年,广州,10k-20k,python高级开发工程师
宏居网络技术（上海）有限公司,本科,3-5年,上海,20k-30k,Python开发／后端软件工程师.
北京慕华信息科技有限公司,本科,3-5年,北京,20k-35k,系统开发工程师（Python）
上海坤亿信息技术有限公司,本科,1-3年,上海,7k-10k,python 开发工程师
无锡华云数据技术服务有限公司,本科,3-5年,上海,15k-25k,103-中级Python开发工程师
京东金融,本科,5-10年,北京,25k-50k,Python研发工程师
北京趣拿软件科技有限公司,本科,1-3年,北京,15k-30k,Python开发工程师
车好多旧机动车经纪(北京)有限公司,本科,3-5年,北京,20k-40k,Python开发工程师
上海海知智能科技有限公司,本科,3-5年,北京,20k-40k,Python开发工程师
深圳市南方网通网络技术开发有限公司,本科,3-5年,深圳,10k-20k,Python工程师
上海合合信息科技发展有限公司,本科,1-3年,上海,10k-20k,python开发工程师
北京旷视科技有限公司,本科,1-3年,北京,20k-40k,Python工程师
蜜柚网络科技（上海）有限公司,本科,3-5年,上海,25k-50k,高级Python开发工程师
北京复华卓越商业管理有限公司,大专,5-10年,北京,15k-30k,Python开发工程师
苏州锦佰安信息技术有限公司,本科,3-5年,苏州,12k-20k,Python开发工程师
广州经传多赢投资咨询有限公司,本科,1-3年,广州,10k-20k,python高级开发工程师
宏居网络技术（上海）有限公司,本科,3-5年,上海,20k-30k,Python开发／后端软件工程师.
北京慕华信息科技有限公司,本科,3-5年,北京,20k-35k,系统开发工程师（Python）
上海坤亿信息技术有限公司,本科,1-3年,上海,7k-10k,python 开发工程师
无锡华云数据技术服务有限公司,本科,3-5年,上海,15k-25k,103-中级Python开发工程师
京东金融,本科,5-10年,北京,25k-50k,Python研发工程师
北京趣拿软件科技有限公司,本科,1-3年,北京,15k-30k,Python开发工程师
车好多旧机动车经纪(北京)有限公司,本科,3-5年,北京,20k-40k,Python开发工程师
上海海知智能科技有限公司,本科,3-5年,北京,20k-40k,Python开发工程师
深圳市南方网通网络技术开发有限公司,本科,3-5年,深圳,10k-20k,Python工程师
上海合合信息科技发展有限公司,本科,1-3年,上海,10k-20k,python开发工程师
北京旷视科技有限公司,本科,1-3年,北京,20k-40k,Python工程师
蜜柚网络科技（上海）有限公司,本科,3-5年,上海,25k-50k,高级Python开发工程师
北京复华卓越商业管理有限公司,大专,5-10年,北京,15k-30k,Python开发工程师
苏州锦佰安信息技术有限公司,本科,3-5年,苏州,12k-20k,Python开发工程师
广州经传多赢投资咨询有限公司,本科,1-3年,广州,10k-20k,python高级开发工程师
宏居网络技术（上海）有限公司,本科,3-5年,上海,20k-30k,Python开发／后端软件工程师.
北京慕华信息科技有限公司,本科,3-5年,北京,20k-35k,系统开发工程师（Python）
上海坤亿信息技术有限公司,本科,1-3年,上海,7k-10k,python 开发工程师
无锡华云数据技术服务有限公司,本科,3-5年,上海,15k-25k,103-中级Python开发工程师
京东金融,本科,5-10年,北京,25k-50k,Python研发工程师
北京趣拿软件科技有限公司,本科,1-3年,北京,15k-30k,Python开发工程师
车好多旧机动车经纪(北京)有限公司,本科,3-5年,北京,20k-40k,Python开发工程师
上海海知智能科技有限公司,本科,3-5年,北京,20k-40k,Python开发工程师
深圳市南方网通网络技术开发有限公司,本科,3-5年,深圳,10k-20k,Python工程师
上海合合信息科技发展有限公司,本科,1-3年,上海,10k-20k,python开发工程师
北京旷视科技有限公司,本科,1-3年,北京,20k-40k,Python工程师
蜜柚网络科技（上海）有限公司,本科,3-5年,上海,25k-50k,高级Python开发工程师
北京复华卓越商业管理有限公司,大专,5-10年,北京,15k-30k,Python开发工程师
苏州锦佰安信息技术有限公司,本科,3-5年,苏州,12k-20k,Python开发工程师
广州经传多赢投资咨询有限公司,本科,1-3年,广州,10k-20k,python高级开发工程师
宏居网络技术（上海）有限公司,本科,3-5年,上海,20k-30k,Python开发／后端软件工程师.
北京慕华信息科技有限公司,本科,3-5年,北京,20k-35k,系统开发工程师（Python）
上海坤亿信息技术有限公司,本科,1-3年,上海,7k-10k,python 开发工程师
无锡华云数据技术服务有限公司,本科,3-5年,上海,15k-25k,103-中级Python开发工程师
京东金融,本科,5-10年,北京,25k-50k,Python研发工程师
北京趣拿软件科技有限公司,本科,1-3年,北京,15k-30k,Python开发工程师
车好多旧机动车经纪(北京)有限公司,本科,3-5年,北京,20k-40k,Python开发工程师
上海海知智能科技有限公司,本科,3-5年,北京,20k-40k,Python开发工程师
深圳市南方网通网络技术开发有限公司,本科,3-5年,深圳,10k-20k,Python工程师
上海合合信息科技发展有限公司,本科,1-3年,上海,10k-20k,python开发工程师
北京旷视科技有限公司,本科,1-3年,北京,20k-40k,Python工程师
蜜柚网络科技（上海）有限公司,本科,3-5年,上海,25k-50k,高级Python开发工程师
北京复华卓越商业管理有限公司,大专,5-10年,北京,15k-30k,Python开发工程师
苏州锦佰安信息技术有限公司,本科,3-5年,苏州,12k-20k,Python开发工程师
广州经传多赢投资咨询有限公司,本科,1-3年,广州,10k-20k,python高级开发工程师
宏居网络技术（上海）有限公司,本科,3-5年,上海,20k-30k,Python开发／后端软件工程师.
西安逆袭网络科技有限公司,本科,3-5年,西安,10k-20k,Python开发工程师
钛链智云（厦门）信息科技有限公司,本科,3-5年,厦门,8k-12k,Python开发工程师
上海晓途网络科技有限公司,本科,1-3年,上海,15k-25k,Python开发工程师
优维科技（深圳）有限公司,本科,1-3年,武汉,6k-12k,python开发工程师
无锡华云数据技术服务有限公司,本科,3-5年,上海,18k-24k,Python开发工程师
上海易果电子商务有限公司,本科,1-3年,上海,10k-20k,Python开发工程师
湖南竞网智赢网络技术有限公司,本科,3-5年,长沙,10k-13k,python开发工程师
苏州智泰腾迪信息科技有限公司,大专,1-3年,苏州,10k-15k,python开发工程师
北京诸葛云游科技有限公司,本科,3-5年,北京,15k-20k,Python工程师
任子行网络技术股份有限公司,本科,3-5年,北京,15k-20k,Python开发工程师
北京慕华信息科技有限公司,硕士,5-10年,北京,25k-40k,Python工程师
北京点石经纬科技有限公司,大专,3-5年,北京,15k-30k,Python工程师
深圳睿云智合科技有限公司,本科,3-5年,深圳,15k-30k,Python开发工程师
苏州梦嘉信息技术有限公司,本科,3-5年,苏州,10k-18k,python工程师
北京神州绿盟信息安全科技股份有限公司,本科,3-5年,西安,8k-10k,python开发工程师
西安逆袭网络科技有限公司,本科,3-5年,西安,10k-20k,Python开发工程师
钛链智云（厦门）信息科技有限公司,本科,3-5年,厦门,8k-12k,Python开发工程师
上海晓途网络科技有限公司,本科,1-3年,上海,15k-25k,Python开发工程师
优维科技（深圳）有限公司,本科,1-3年,武汉,6k-12k,python开发工程师
无锡华云数据技术服务有限公司,本科,3-5年,上海,18k-24k,Python开发工程师
上海易果电子商务有限公司,本科,1-3年,上海,10k-20k,Python开发工程师
湖南竞网智赢网络技术有限公司,本科,3-5年,长沙,10k-13k,python开发工程师
苏州智泰腾迪信息科技有限公司,大专,1-3年,苏州,10k-15k,python开发工程师
北京诸葛云游科技有限公司,本科,3-5年,北京,15k-20k,Python工程师
任子行网络技术股份有限公司,本科,3-5年,北京,15k-20k,Python开发工程师
北京慕华信息科技有限公司,硕士,5-10年,北京,25k-40k,Python工程师
北京点石经纬科技有限公司,大专,3-5年,北京,15k-30k,Python工程师
深圳睿云智合科技有限公司,本科,3-5年,深圳,15k-30k,Python开发工程师
苏州梦嘉信息技术有限公司,本科,3-5年,苏州,10k-18k,python工程师
北京神州绿盟信息安全科技股份有限公司,本科,3-5年,西安,8k-10k,python开发工程师
西安逆袭网络科技有限公司,本科,3-5年,西安,10k-20k,Python开发工程师
钛链智云（厦门）信息科技有限公司,本科,3-5年,厦门,8k-12k,Python开发工程师
上海晓途网络科技有限公司,本科,1-3年,上海,15k-25k,Python开发工程师
优维科技（深圳）有限公司,本科,1-3年,武汉,6k-12k,python开发工程师
无锡华云数据技术服务有限公司,本科,3-5年,上海,18k-24k,Python开发工程师
上海易果电子商务有限公司,本科,1-3年,上海,10k-20k,Python开发工程师
湖南竞网智赢网络技术有限公司,本科,3-5年,长沙,10k-13k,python开发工程师
苏州智泰腾迪信息科技有限公司,大专,1-3年,苏州,10k-15k,python开发工程师
北京诸葛云游科技有限公司,本科,3-5年,北京,15k-20k,Python工程师
任子行网络技术股份有限公司,本科,3-5年,北京,15k-20k,Python开发工程师
北京慕华信息科技有限公司,硕士,5-10年,北京,25k-40k,Python工程师
北京点石经纬科技有限公司,大专,3-5年,北京,15k-30k,Python工程师
深圳睿云智合科技有限公司,本科,3-5年,深圳,15k-30k,Python开发工程师
苏州梦嘉信息技术有限公司,本科,3-5年,苏州,10k-18k,python工程师
北京神州绿盟信息安全科技股份有限公司,本科,3-5年,西安,8k-10k,python开发工程师
西安逆袭网络科技有限公司,本科,3-5年,西安,10k-20k,Python开发工程师
钛链智云（厦门）信息科技有限公司,本科,3-5年,厦门,8k-12k,Python开发工程师
上海晓途网络科技有限公司,本科,1-3年,上海,15k-25k,Python开发工程师
优维科技（深圳）有限公司,本科,1-3年,武汉,6k-12k,python开发工程师
无锡华云数据技术服务有限公司,本科,3-5年,上海,18k-24k,Python开发工程师
上海易果电子商务有限公司,本科,1-3年,上海,10k-20k,Python开发工程师
湖南竞网智赢网络技术有限公司,本科,3-5年,长沙,10k-13k,python开发工程师
苏州智泰腾迪信息科技有限公司,大专,1-3年,苏州,10k-15k,python开发工程师
北京诸葛云游科技有限公司,本科,3-5年,北京,15k-20k,Python工程师
任子行网络技术股份有限公司,本科,3-5年,北京,15k-20k,Python开发工程师
北京慕华信息科技有限公司,硕士,5-10年,北京,25k-40k,Python工程师
北京点石经纬科技有限公司,大专,3-5年,北京,15k-30k,Python工程师
深圳睿云智合科技有限公司,本科,3-5年,深圳,15k-30k,Python开发工程师
苏州梦嘉信息技术有限公司,本科,3-5年,苏州,10k-18k,python工程师
北京神州绿盟信息安全科技股份有限公司,本科,3-5年,西安,8k-10k,python开发工程师
西安逆袭网络科技有限公司,本科,3-5年,西安,10k-20k,Python开发工程师
钛链智云（厦门）信息科技有限公司,本科,3-5年,厦门,8k-12k,Python开发工程师
上海晓途网络科技有限公司,本科,1-3年,上海,15k-25k,Python开发工程师
优维科技（深圳）有限公司,本科,1-3年,武汉,6k-12k,python开发工程师
无锡华云数据技术服务有限公司,本科,3-5年,上海,18k-24k,Python开发工程师
上海易果电子商务有限公司,本科,1-3年,上海,10k-20k,Python开发工程师
湖南竞网智赢网络技术有限公司,本科,3-5年,长沙,10k-13k,python开发工程师
苏州智泰腾迪信息科技有限公司,大专,1-3年,苏州,10k-15k,python开发工程师
北京诸葛云游科技有限公司,本科,3-5年,北京,15k-20k,Python工程师
任子行网络技术股份有限公司,本科,3-5年,北京,15k-20k,Python开发工程师
北京慕华信息科技有限公司,硕士,5-10年,北京,25k-40k,Python工程师
北京点石经纬科技有限公司,大专,3-5年,北京,15k-30k,Python工程师
深圳睿云智合科技有限公司,本科,3-5年,深圳,15k-30k,Python开发工程师
苏州梦嘉信息技术有限公司,本科,3-5年,苏州,10k-18k,python工程师
北京神州绿盟信息安全科技股份有限公司,本科,3-5年,西安,8k-10k,python开发工程师
西安逆袭网络科技有限公司,本科,3-5年,西安,10k-20k,Python开发工程师
钛链智云（厦门）信息科技有限公司,本科,3-5年,厦门,8k-12k,Python开发工程师
上海晓途网络科技有限公司,本科,1-3年,上海,15k-25k,Python开发工程师
优维科技（深圳）有限公司,本科,1-3年,武汉,6k-12k,python开发工程师
无锡华云数据技术服务有限公司,本科,3-5年,上海,18k-24k,Python开发工程师
上海易果电子商务有限公司,本科,1-3年,上海,10k-20k,Python开发工程师
湖南竞网智赢网络技术有限公司,本科,3-5年,长沙,10k-13k,python开发工程师
苏州智泰腾迪信息科技有限公司,大专,1-3年,苏州,10k-15k,python开发工程师
北京诸葛云游科技有限公司,本科,3-5年,北京,15k-20k,Python工程师
任子行网络技术股份有限公司,本科,3-5年,北京,15k-20k,Python开发工程师
北京慕华信息科技有限公司,硕士,5-10年,北京,25k-40k,Python工程师
北京点石经纬科技有限公司,大专,3-5年,北京,15k-30k,Python工程师
深圳睿云智合科技有限公司,本科,3-5年,深圳,15k-30k,Python开发工程师
苏州梦嘉信息技术有限公司,本科,3-5年,苏州,10k-18k,python工程师
北京神州绿盟信息安全科技股份有限公司,本科,3-5年,西安,8k-10k,python开发工程师
西安逆袭网络科技有限公司,本科,3-5年,西安,10k-20k,Python开发工程师
钛链智云（厦门）信息科技有限公司,本科,3-5年,厦门,8k-12k,Python开发工程师
上海晓途网络科技有限公司,本科,1-3年,上海,15k-25k,Python开发工程师
优维科技（深圳）有限公司,本科,1-3年,武汉,6k-12k,python开发工程师
无锡华云数据技术服务有限公司,本科,3-5年,上海,18k-24k,Python开发工程师
上海易果电子商务有限公司,本科,1-3年,上海,10k-20k,Python开发工程师
湖南竞网智赢网络技术有限公司,本科,3-5年,长沙,10k-13k,python开发工程师
苏州智泰腾迪信息科技有限公司,大专,1-3年,苏州,10k-15k,python开发工程师
北京诸葛云游科技有限公司,本科,3-5年,北京,15k-20k,Python工程师
任子行网络技术股份有限公司,本科,3-5年,北京,15k-20k,Python开发工程师
北京慕华信息科技有限公司,硕士,5-10年,北京,25k-40k,Python工程师
北京点石经纬科技有限公司,大专,3-5年,北京,15k-30k,Python工程师
深圳睿云智合科技有限公司,本科,3-5年,深圳,15k-30k,Python开发工程师
苏州梦嘉信息技术有限公司,本科,3-5年,苏州,10k-18k,python工程师
北京神州绿盟信息安全科技股份有限公司,本科,3-5年,西安,8k-10k,python开发工程师
西安逆袭网络科技有限公司,本科,3-5年,西安,10k-20k,Python开发工程师
钛链智云（厦门）信息科技有限公司,本科,3-5年,厦门,8k-12k,Python开发工程师
上海晓途网络科技有限公司,本科,1-3年,上海,15k-25k,Python开发工程师
优维科技（深圳）有限公司,本科,1-3年,武汉,6k-12k,python开发工程师
无锡华云数据技术服务有限公司,本科,3-5年,上海,18k-24k,Python开发工程师
上海易果电子商务有限公司,本科,1-3年,上海,10k-20k,Python开发工程师
湖南竞网智赢网络技术有限公司,本科,3-5年,长沙,10k-13k,python开发工程师
苏州智泰腾迪信息科技有限公司,大专,1-3年,苏州,10k-15k,python开发工程师
北京诸葛云游科技有限公司,本科,3-5年,北京,15k-20k,Python工程师
任子行网络技术股份有限公司,本科,3-5年,北京,15k-20k,Python开发工程师
北京慕华信息科技有限公司,硕士,5-10年,北京,25k-40k,Python工程师
北京点石经纬科技有限公司,大专,3-5年,北京,15k-30k,Python工程师
深圳睿云智合科技有限公司,本科,3-5年,深圳,15k-30k,Python开发工程师
苏州梦嘉信息技术有限公司,本科,3-5年,苏州,10k-18k,python工程师
北京神州绿盟信息安全科技股份有限公司,本科,3-5年,西安,8k-10k,python开发工程师
西安逆袭网络科技有限公司,本科,3-5年,西安,10k-20k,Python开发工程师
钛链智云（厦门）信息科技有限公司,本科,3-5年,厦门,8k-12k,Python开发工程师
上海晓途网络科技有限公司,本科,1-3年,上海,15k-25k,Python开发工程师
优维科技（深圳）有限公司,本科,1-3年,武汉,6k-12k,python开发工程师
无锡华云数据技术服务有限公司,本科,3-5年,上海,18k-24k,Python开发工程师
上海易果电子商务有限公司,本科,1-3年,上海,10k-20k,Python开发工程师
湖南竞网智赢网络技术有限公司,本科,3-5年,长沙,10k-13k,python开发工程师
苏州智泰腾迪信息科技有限公司,大专,1-3年,苏州,10k-15k,python开发工程师
北京诸葛云游科技有限公司,本科,3-5年,北京,15k-20k,Python工程师
任子行网络技术股份有限公司,本科,3-5年,北京,15k-20k,Python开发工程师
北京慕华信息科技有限公司,硕士,5-10年,北京,25k-40k,Python工程师
北京点石经纬科技有限公司,大专,3-5年,北京,15k-30k,Python工程师
深圳睿云智合科技有限公司,本科,3-5年,深圳,15k-30k,Python开发工程师
苏州梦嘉信息技术有限公司,本科,3-5年,苏州,10k-18k,python工程师
北京神州绿盟信息安全科技股份有限公司,本科,3-5年,西安,8k-10k,python开发工程师
西安逆袭网络科技有限公司,本科,3-5年,西安,10k-20k,Python开发工程师
钛链智云（厦门）信息科技有限公司,本科,3-5年,厦门,8k-12k,Python开发工程师
上海晓途网络科技有限公司,本科,1-3年,上海,15k-25k,Python开发工程师
优维科技（深圳）有限公司,本科,1-3年,武汉,6k-12k,python开发工程师
无锡华云数据技术服务有限公司,本科,3-5年,上海,18k-24k,Python开发工程师
上海易果电子商务有限公司,本科,1-3年,上海,10k-20k,Python开发工程师
湖南竞网智赢网络技术有限公司,本科,3-5年,长沙,10k-13k,python开发工程师
苏州智泰腾迪信息科技有限公司,大专,1-3年,苏州,10k-15k,python开发工程师
北京诸葛云游科技有限公司,本科,3-5年,北京,15k-20k,Python工程师
任子行网络技术股份有限公司,本科,3-5年,北京,15k-20k,Python开发工程师
北京慕华信息科技有限公司,硕士,5-10年,北京,25k-40k,Python工程师
北京点石经纬科技有限公司,大专,3-5年,北京,15k-30k,Python工程师
深圳睿云智合科技有限公司,本科,3-5年,深圳,15k-30k,Python开发工程师
苏州梦嘉信息技术有限公司,本科,3-5年,苏州,10k-18k,python工程师
北京神州绿盟信息安全科技股份有限公司,本科,3-5年,西安,8k-10k,python开发工程师
西安逆袭网络科技有限公司,本科,3-5年,西安,10k-20k,Python开发工程师
钛链智云（厦门）信息科技有限公司,本科,3-5年,厦门,8k-12k,Python开发工程师
上海晓途网络科技有限公司,本科,1-3年,上海,15k-25k,Python开发工程师
优维科技（深圳）有限公司,本科,1-3年,武汉,6k-12k,python开发工程师
无锡华云数据技术服务有限公司,本科,3-5年,上海,18k-24k,Python开发工程师
上海易果电子商务有限公司,本科,1-3年,上海,10k-20k,Python开发工程师
湖南竞网智赢网络技术有限公司,本科,3-5年,长沙,10k-13k,python开发工程师
苏州智泰腾迪信息科技有限公司,大专,1-3年,苏州,10k-15k,python开发工程师
北京诸葛云游科技有限公司,本科,3-5年,北京,15k-20k,Python工程师
任子行网络技术股份有限公司,本科,3-5年,北京,15k-20k,Python开发工程师
北京慕华信息科技有限公司,硕士,5-10年,北京,25k-40k,Python工程师
北京点石经纬科技有限公司,大专,3-5年,北京,15k-30k,Python工程师
深圳睿云智合科技有限公司,本科,3-5年,深圳,15k-30k,Python开发工程师
苏州梦嘉信息技术有限公司,本科,3-5年,苏州,10k-18k,python工程师
北京神州绿盟信息安全科技股份有限公司,本科,3-5年,西安,8k-10k,python开发工程师
西安逆袭网络科技有限公司,本科,3-5年,西安,10k-20k,Python开发工程师
钛链智云（厦门）信息科技有限公司,本科,3-5年,厦门,8k-12k,Python开发工程师
上海晓途网络科技有限公司,本科,1-3年,上海,15k-25k,Python开发工程师
优维科技（深圳）有限公司,本科,1-3年,武汉,6k-12k,python开发工程师
无锡华云数据技术服务有限公司,本科,3-5年,上海,18k-24k,Python开发工程师
上海易果电子商务有限公司,本科,1-3年,上海,10k-20k,Python开发工程师
湖南竞网智赢网络技术有限公司,本科,3-5年,长沙,10k-13k,python开发工程师
苏州智泰腾迪信息科技有限公司,大专,1-3年,苏州,10k-15k,python开发工程师
北京诸葛云游科技有限公司,本科,3-5年,北京,15k-20k,Python工程师
任子行网络技术股份有限公司,本科,3-5年,北京,15k-20k,Python开发工程师
北京慕华信息科技有限公司,硕士,5-10年,北京,25k-40k,Python工程师
北京点石经纬科技有限公司,大专,3-5年,北京,15k-30k,Python工程师
深圳睿云智合科技有限公司,本科,3-5年,深圳,15k-30k,Python开发工程师
苏州梦嘉信息技术有限公司,本科,3-5年,苏州,10k-18k,python工程师
北京神州绿盟信息安全科技股份有限公司,本科,3-5年,西安,8k-10k,python开发工程师
西安逆袭网络科技有限公司,本科,3-5年,西安,10k-20k,Python开发工程师
钛链智云（厦门）信息科技有限公司,本科,3-5年,厦门,8k-12k,Python开发工程师
上海晓途网络科技有限公司,本科,1-3年,上海,15k-25k,Python开发工程师
优维科技（深圳）有限公司,本科,1-3年,武汉,6k-12k,python开发工程师
无锡华云数据技术服务有限公司,本科,3-5年,上海,18k-24k,Python开发工程师
上海易果电子商务有限公司,本科,1-3年,上海,10k-20k,Python开发工程师
湖南竞网智赢网络技术有限公司,本科,3-5年,长沙,10k-13k,python开发工程师
苏州智泰腾迪信息科技有限公司,大专,1-3年,苏州,10k-15k,python开发工程师
北京诸葛云游科技有限公司,本科,3-5年,北京,15k-20k,Python工程师
任子行网络技术股份有限公司,本科,3-5年,北京,15k-20k,Python开发工程师
北京慕华信息科技有限公司,硕士,5-10年,北京,25k-40k,Python工程师
北京点石经纬科技有限公司,大专,3-5年,北京,15k-30k,Python工程师
深圳睿云智合科技有限公司,本科,3-5年,深圳,15k-30k,Python开发工程师
苏州梦嘉信息技术有限公司,本科,3-5年,苏州,10k-18k,python工程师
北京神州绿盟信息安全科技股份有限公司,本科,3-5年,西安,8k-10k,python开发工程师
西安逆袭网络科技有限公司,本科,3-5年,西安,10k-20k,Python开发工程师
钛链智云（厦门）信息科技有限公司,本科,3-5年,厦门,8k-12k,Python开发工程师
上海晓途网络科技有限公司,本科,1-3年,上海,15k-25k,Python开发工程师
优维科技（深圳）有限公司,本科,1-3年,武汉,6k-12k,python开发工程师
无锡华云数据技术服务有限公司,本科,3-5年,上海,18k-24k,Python开发工程师
上海易果电子商务有限公司,本科,1-3年,上海,10k-20k,Python开发工程师
湖南竞网智赢网络技术有限公司,本科,3-5年,长沙,10k-13k,python开发工程师
苏州智泰腾迪信息科技有限公司,大专,1-3年,苏州,10k-15k,python开发工程师
北京诸葛云游科技有限公司,本科,3-5年,北京,15k-20k,Python工程师
任子行网络技术股份有限公司,本科,3-5年,北京,15k-20k,Python开发工程师
北京慕华信息科技有限公司,硕士,5-10年,北京,25k-40k,Python工程师
北京点石经纬科技有限公司,大专,3-5年,北京,15k-30k,Python工程师
深圳睿云智合科技有限公司,本科,3-5年,深圳,15k-30k,Python开发工程师
苏州梦嘉信息技术有限公司,本科,3-5年,苏州,10k-18k,python工程师
北京神州绿盟信息安全科技股份有限公司,本科,3-5年,西安,8k-10k,python开发工程师
西安逆袭网络科技有限公司,本科,3-5年,西安,10k-20k,Python开发工程师
钛链智云（厦门）信息科技有限公司,本科,3-5年,厦门,8k-12k,Python开发工程师
上海晓途网络科技有限公司,本科,1-3年,上海,15k-25k,Python开发工程师
优维科技（深圳）有限公司,本科,1-3年,武汉,6k-12k,python开发工程师
无锡华云数据技术服务有限公司,本科,3-5年,上海,18k-24k,Python开发工程师
上海易果电子商务有限公司,本科,1-3年,上海,10k-20k,Python开发工程师
湖南竞网智赢网络技术有限公司,本科,3-5年,长沙,10k-13k,python开发工程师
苏州智泰腾迪信息科技有限公司,大专,1-3年,苏州,10k-15k,python开发工程师
北京诸葛云游科技有限公司,本科,3-5年,北京,15k-20k,Python工程师
任子行网络技术股份有限公司,本科,3-5年,北京,15k-20k,Python开发工程师
北京慕华信息科技有限公司,硕士,5-10年,北京,25k-40k,Python工程师
北京点石经纬科技有限公司,大专,3-5年,北京,15k-30k,Python工程师
深圳睿云智合科技有限公司,本科,3-5年,深圳,15k-30k,Python开发工程师
苏州梦嘉信息技术有限公司,本科,3-5年,苏州,10k-18k,python工程师
北京神州绿盟信息安全科技股份有限公司,本科,3-5年,西安,8k-10k,python开发工程师
西安逆袭网络科技有限公司,本科,3-5年,西安,10k-20k,Python开发工程师
钛链智云（厦门）信息科技有限公司,本科,3-5年,厦门,8k-12k,Python开发工程师
上海晓途网络科技有限公司,本科,1-3年,上海,15k-25k,Python开发工程师
优维科技（深圳）有限公司,本科,1-3年,武汉,6k-12k,python开发工程师
无锡华云数据技术服务有限公司,本科,3-5年,上海,18k-24k,Python开发工程师
上海易果电子商务有限公司,本科,1-3年,上海,10k-20k,Python开发工程师
湖南竞网智赢网络技术有限公司,本科,3-5年,长沙,10k-13k,python开发工程师
苏州智泰腾迪信息科技有限公司,大专,1-3年,苏州,10k-15k,python开发工程师
北京诸葛云游科技有限公司,本科,3-5年,北京,15k-20k,Python工程师
任子行网络技术股份有限公司,本科,3-5年,北京,15k-20k,Python开发工程师
北京慕华信息科技有限公司,硕士,5-10年,北京,25k-40k,Python工程师
北京点石经纬科技有限公司,大专,3-5年,北京,15k-30k,Python工程师
深圳睿云智合科技有限公司,本科,3-5年,深圳,15k-30k,Python开发工程师
苏州梦嘉信息技术有限公司,本科,3-5年,苏州,10k-18k,python工程师
北京神州绿盟信息安全科技股份有限公司,本科,3-5年,西安,8k-10k,python开发工程师
西安逆袭网络科技有限公司,本科,3-5年,西安,10k-20k,Python开发工程师
钛链智云（厦门）信息科技有限公司,本科,3-5年,厦门,8k-12k,Python开发工程师
上海晓途网络科技有限公司,本科,1-3年,上海,15k-25k,Python开发工程师
优维科技（深圳）有限公司,本科,1-3年,武汉,6k-12k,python开发工程师
无锡华云数据技术服务有限公司,本科,3-5年,上海,18k-24k,Python开发工程师
上海易果电子商务有限公司,本科,1-3年,上海,10k-20k,Python开发工程师
湖南竞网智赢网络技术有限公司,本科,3-5年,长沙,10k-13k,python开发工程师
苏州智泰腾迪信息科技有限公司,大专,1-3年,苏州,10k-15k,python开发工程师
北京诸葛云游科技有限公司,本科,3-5年,北京,15k-20k,Python工程师
任子行网络技术股份有限公司,本科,3-5年,北京,15k-20k,Python开发工程师
北京慕华信息科技有限公司,硕士,5-10年,北京,25k-40k,Python工程师
北京点石经纬科技有限公司,大专,3-5年,北京,15k-30k,Python工程师
深圳睿云智合科技有限公司,本科,3-5年,深圳,15k-30k,Python开发工程师
苏州梦嘉信息技术有限公司,本科,3-5年,苏州,10k-18k,python工程师
北京神州绿盟信息安全科技股份有限公司,本科,3-5年,西安,8k-10k,python开发工程师
西安逆袭网络科技有限公司,本科,3-5年,西安,10k-20k,Python开发工程师
钛链智云（厦门）信息科技有限公司,本科,3-5年,厦门,8k-12k,Python开发工程师
上海晓途网络科技有限公司,本科,1-3年,上海,15k-25k,Python开发工程师
优维科技（深圳）有限公司,本科,1-3年,武汉,6k-12k,python开发工程师
无锡华云数据技术服务有限公司,本科,3-5年,上海,18k-24k,Python开发工程师
上海易果电子商务有限公司,本科,1-3年,上海,10k-20k,Python开发工程师
湖南竞网智赢网络技术有限公司,本科,3-5年,长沙,10k-13k,python开发工程师
苏州智泰腾迪信息科技有限公司,大专,1-3年,苏州,10k-15k,python开发工程师
北京诸葛云游科技有限公司,本科,3-5年,北京,15k-20k,Python工程师
任子行网络技术股份有限公司,本科,3-5年,北京,15k-20k,Python开发工程师
北京慕华信息科技有限公司,硕士,5-10年,北京,25k-40k,Python工程师
北京点石经纬科技有限公司,大专,3-5年,北京,15k-30k,Python工程师
深圳睿云智合科技有限公司,本科,3-5年,深圳,15k-30k,Python开发工程师
苏州梦嘉信息技术有限公司,本科,3-5年,苏州,10k-18k,python工程师
北京神州绿盟信息安全科技股份有限公司,本科,3-5年,西安,8k-10k,python开发工程师
西安逆袭网络科技有限公司,本科,3-5年,西安,10k-20k,Python开发工程师
钛链智云（厦门）信息科技有限公司,本科,3-5年,厦门,8k-12k,Python开发工程师
上海晓途网络科技有限公司,本科,1-3年,上海,15k-25k,Python开发工程师
优维科技（深圳）有限公司,本科,1-3年,武汉,6k-12k,python开发工程师
无锡华云数据技术服务有限公司,本科,3-5年,上海,18k-24k,Python开发工程师
上海易果电子商务有限公司,本科,1-3年,上海,10k-20k,Python开发工程师
湖南竞网智赢网络技术有限公司,本科,3-5年,长沙,10k-13k,python开发工程师
苏州智泰腾迪信息科技有限公司,大专,1-3年,苏州,10k-15k,python开发工程师
北京诸葛云游科技有限公司,本科,3-5年,北京,15k-20k,Python工程师
任子行网络技术股份有限公司,本科,3-5年,北京,15k-20k,Python开发工程师
北京慕华信息科技有限公司,硕士,5-10年,北京,25k-40k,Python工程师
北京点石经纬科技有限公司,大专,3-5年,北京,15k-30k,Python工程师
深圳睿云智合科技有限公司,本科,3-5年,深圳,15k-30k,Python开发工程师
苏州梦嘉信息技术有限公司,本科,3-5年,苏州,10k-18k,python工程师
北京神州绿盟信息安全科技股份有限公司,本科,3-5年,西安,8k-10k,python开发工程师
西安逆袭网络科技有限公司,本科,3-5年,西安,10k-20k,Python开发工程师
钛链智云（厦门）信息科技有限公司,本科,3-5年,厦门,8k-12k,Python开发工程师
上海晓途网络科技有限公司,本科,1-3年,上海,15k-25k,Python开发工程师
优维科技（深圳）有限公司,本科,1-3年,武汉,6k-12k,python开发工程师
无锡华云数据技术服务有限公司,本科,3-5年,上海,18k-24k,Python开发工程师
上海易果电子商务有限公司,本科,1-3年,上海,10k-20k,Python开发工程师
湖南竞网智赢网络技术有限公司,本科,3-5年,长沙,10k-13k,python开发工程师
苏州智泰腾迪信息科技有限公司,大专,1-3年,苏州,10k-15k,python开发工程师
北京诸葛云游科技有限公司,本科,3-5年,北京,15k-20k,Python工程师
任子行网络技术股份有限公司,本科,3-5年,北京,15k-20k,Python开发工程师
北京慕华信息科技有限公司,硕士,5-10年,北京,25k-40k,Python工程师
北京点石经纬科技有限公司,大专,3-5年,北京,15k-30k,Python工程师
深圳睿云智合科技有限公司,本科,3-5年,深圳,15k-30k,Python开发工程师
苏州梦嘉信息技术有限公司,本科,3-5年,苏州,10k-18k,python工程师
北京神州绿盟信息安全科技股份有限公司,本科,3-5年,西安,8k-10k,python开发工程师
西安逆袭网络科技有限公司,本科,3-5年,西安,10k-20k,Python开发工程师
钛链智云（厦门）信息科技有限公司,本科,3-5年,厦门,8k-12k,Python开发工程师
上海晓途网络科技有限公司,本科,1-3年,上海,15k-25k,Python开发工程师
优维科技（深圳）有限公司,本科,1-3年,武汉,6k-12k,python开发工程师
无锡华云数据技术服务有限公司,本科,3-5年,上海,18k-24k,Python开发工程师
上海易果电子商务有限公司,本科,1-3年,上海,10k-20k,Python开发工程师
湖南竞网智赢网络技术有限公司,本科,3-5年,长沙,10k-13k,python开发工程师
苏州智泰腾迪信息科技有限公司,大专,1-3年,苏州,10k-15k,python开发工程师
北京诸葛云游科技有限公司,本科,3-5年,北京,15k-20k,Python工程师
任子行网络技术股份有限公司,本科,3-5年,北京,15k-20k,Python开发工程师
北京慕华信息科技有限公司,硕士,5-10年,北京,25k-40k,Python工程师
北京点石经纬科技有限公司,大专,3-5年,北京,15k-30k,Python工程师
深圳睿云智合科技有限公司,本科,3-5年,深圳,15k-30k,Python开发工程师
苏州梦嘉信息技术有限公司,本科,3-5年,苏州,10k-18k,python工程师
北京神州绿盟信息安全科技股份有限公司,本科,3-5年,西安,8k-10k,python开发工程师
西安逆袭网络科技有限公司,本科,3-5年,西安,10k-20k,Python开发工程师
钛链智云（厦门）信息科技有限公司,本科,3-5年,厦门,8k-12k,Python开发工程师
上海晓途网络科技有限公司,本科,1-3年,上海,15k-25k,Python开发工程师
优维科技（深圳）有限公司,本科,1-3年,武汉,6k-12k,python开发工程师
无锡华云数据技术服务有限公司,本科,3-5年,上海,18k-24k,Python开发工程师
上海易果电子商务有限公司,本科,1-3年,上海,10k-20k,Python开发工程师
湖南竞网智赢网络技术有限公司,本科,3-5年,长沙,10k-13k,python开发工程师
苏州智泰腾迪信息科技有限公司,大专,1-3年,苏州,10k-15k,python开发工程师
北京诸葛云游科技有限公司,本科,3-5年,北京,15k-20k,Python工程师
任子行网络技术股份有限公司,本科,3-5年,北京,15k-20k,Python开发工程师
北京慕华信息科技有限公司,硕士,5-10年,北京,25k-40k,Python工程师
北京点石经纬科技有限公司,大专,3-5年,北京,15k-30k,Python工程师
深圳睿云智合科技有限公司,本科,3-5年,深圳,15k-30k,Python开发工程师
苏州梦嘉信息技术有限公司,本科,3-5年,苏州,10k-18k,python工程师
北京神州绿盟信息安全科技股份有限公司,本科,3-5年,西安,8k-10k,python开发工程师
西安逆袭网络科技有限公司,本科,3-5年,西安,10k-20k,Python开发工程师
钛链智云（厦门）信息科技有限公司,本科,3-5年,厦门,8k-12k,Python开发工程师
上海晓途网络科技有限公司,本科,1-3年,上海,15k-25k,Python开发工程师
优维科技（深圳）有限公司,本科,1-3年,武汉,6k-12k,python开发工程师
无锡华云数据技术服务有限公司,本科,3-5年,上海,18k-24k,Python开发工程师
上海易果电子商务有限公司,本科,1-3年,上海,10k-20k,Python开发工程师
湖南竞网智赢网络技术有限公司,本科,3-5年,长沙,10k-13k,python开发工程师
苏州智泰腾迪信息科技有限公司,大专,1-3年,苏州,10k-15k,python开发工程师
北京诸葛云游科技有限公司,本科,3-5年,北京,15k-20k,Python工程师
任子行网络技术股份有限公司,本科,3-5年,北京,15k-20k,Python开发工程师
北京慕华信息科技有限公司,硕士,5-10年,北京,25k-40k,Python工程师
北京点石经纬科技有限公司,大专,3-5年,北京,15k-30k,Python工程师
深圳睿云智合科技有限公司,本科,3-5年,深圳,15k-30k,Python开发工程师
苏州梦嘉信息技术有限公司,本科,3-5年,苏州,10k-18k,python工程师
北京神州绿盟信息安全科技股份有限公司,本科,3-5年,西安,8k-10k,python开发工程师
西安逆袭网络科技有限公司,本科,3-5年,西安,10k-20k,Python开发工程师
钛链智云（厦门）信息科技有限公司,本科,3-5年,厦门,8k-12k,Python开发工程师
上海晓途网络科技有限公司,本科,1-3年,上海,15k-25k,Python开发工程师
优维科技（深圳）有限公司,本科,1-3年,武汉,6k-12k,python开发工程师
无锡华云数据技术服务有限公司,本科,3-5年,上海,18k-24k,Python开发工程师
上海易果电子商务有限公司,本科,1-3年,上海,10k-20k,Python开发工程师
湖南竞网智赢网络技术有限公司,本科,3-5年,长沙,10k-13k,python开发工程师
苏州智泰腾迪信息科技有限公司,大专,1-3年,苏州,10k-15k,python开发工程师
北京诸葛云游科技有限公司,本科,3-5年,北京,15k-20k,Python工程师
任子行网络技术股份有限公司,本科,3-5年,北京,15k-20k,Python开发工程师
北京慕华信息科技有限公司,硕士,5-10年,北京,25k-40k,Python工程师
北京点石经纬科技有限公司,大专,3-5年,北京,15k-30k,Python工程师
深圳睿云智合科技有限公司,本科,3-5年,深圳,15k-30k,Python开发工程师
苏州梦嘉信息技术有限公司,本科,3-5年,苏州,10k-18k,python工程师
北京神州绿盟信息安全科技股份有限公司,本科,3-5年,西安,8k-10k,python开发工程师
西安逆袭网络科技有限公司,本科,3-5年,西安,10k-20k,Python开发工程师
钛链智云（厦门）信息科技有限公司,本科,3-5年,厦门,8k-12k,Python开发工程师
上海晓途网络科技有限公司,本科,1-3年,上海,15k-25k,Python开发工程师
优维科技（深圳）有限公司,本科,1-3年,武汉,6k-12k,python开发工程师
无锡华云数据技术服务有限公司,本科,3-5年,上海,18k-24k,Python开发工程师
上海易果电子商务有限公司,本科,1-3年,上海,10k-20k,Python开发工程师
湖南竞网智赢网络技术有限公司,本科,3-5年,长沙,10k-13k,python开发工程师
苏州智泰腾迪信息科技有限公司,大专,1-3年,苏州,10k-15k,python开发工程师
北京诸葛云游科技有限公司,本科,3-5年,北京,15k-20k,Python工程师
任子行网络技术股份有限公司,本科,3-5年,北京,15k-20k,Python开发工程师
北京慕华信息科技有限公司,硕士,5-10年,北京,25k-40k,Python工程师
北京点石经纬科技有限公司,大专,3-5年,北京,15k-30k,Python工程师
深圳睿云智合科技有限公司,本科,3-5年,深圳,15k-30k,Python开发工程师
苏州梦嘉信息技术有限公司,本科,3-5年,苏州,10k-18k,python工程师
北京神州绿盟信息安全科技股份有限公司,本科,3-5年,西安,8k-10k,python开发工程师
西安逆袭网络科技有限公司,本科,3-5年,西安,10k-20k,Python开发工程师
钛链智云（厦门）信息科技有限公司,本科,3-5年,厦门,8k-12k,Python开发工程师
上海晓途网络科技有限公司,本科,1-3年,上海,15k-25k,Python开发工程师
优维科技（深圳）有限公司,本科,1-3年,武汉,6k-12k,python开发工程师
无锡华云数据技术服务有限公司,本科,3-5年,上海,18k-24k,Python开发工程师
上海易果电子商务有限公司,本科,1-3年,上海,10k-20k,Python开发工程师
湖南竞网智赢网络技术有限公司,本科,3-5年,长沙,10k-13k,python开发工程师
苏州智泰腾迪信息科技有限公司,大专,1-3年,苏州,10k-15k,python开发工程师
北京诸葛云游科技有限公司,本科,3-5年,北京,15k-20k,Python工程师
任子行网络技术股份有限公司,本科,3-5年,北京,15k-20k,Python开发工程师
北京慕华信息科技有限公司,硕士,5-10年,北京,25k-40k,Python工程师
北京点石经纬科技有限公司,大专,3-5年,北京,15k-30k,Python工程师
深圳睿云智合科技有限公司,本科,3-5年,深圳,15k-30k,Python开发工程师
苏州梦嘉信息技术有限公司,本科,3-5年,苏州,10k-18k,python工程师
北京神州绿盟信息安全科技股份有限公司,本科,3-5年,西安,8k-10k,python开发工程师
西安逆袭网络科技有限公司,本科,3-5年,西安,10k-20k,Python开发工程师
钛链智云（厦门）信息科技有限公司,本科,3-5年,厦门,8k-12k,Python开发工程师
上海晓途网络科技有限公司,本科,1-3年,上海,15k-25k,Python开发工程师
优维科技（深圳）有限公司,本科,1-3年,武汉,6k-12k,python开发工程师
无锡华云数据技术服务有限公司,本科,3-5年,上海,18k-24k,Python开发工程师
上海易果电子商务有限公司,本科,1-3年,上海,10k-20k,Python开发工程师
湖南竞网智赢网络技术有限公司,本科,3-5年,长沙,10k-13k,python开发工程师
苏州智泰腾迪信息科技有限公司,大专,1-3年,苏州,10k-15k,python开发工程师
北京诸葛云游科技有限公司,本科,3-5年,北京,15k-20k,Python工程师
任子行网络技术股份有限公司,本科,3-5年,北京,15k-20k,Python开发工程师
北京慕华信息科技有限公司,硕士,5-10年,北京,25k-40k,Python工程师
北京点石经纬科技有限公司,大专,3-5年,北京,15k-30k,Python工程师
深圳睿云智合科技有限公司,本科,3-5年,深圳,15k-30k,Python开发工程师
苏州梦嘉信息技术有限公司,本科,3-5年,苏州,10k-18k,python工程师
北京神州绿盟信息安全科技股份有限公司,本科,3-5年,西安,8k-10k,python开发工程师
西安逆袭网络科技有限公司,本科,3-5年,西安,10k-20k,Python开发工程师
钛链智云（厦门）信息科技有限公司,本科,3-5年,厦门,8k-12k,Python开发工程师
上海晓途网络科技有限公司,本科,1-3年,上海,15k-25k,Python开发工程师
优维科技（深圳）有限公司,本科,1-3年,武汉,6k-12k,python开发工程师
无锡华云数据技术服务有限公司,本科,3-5年,上海,18k-24k,Python开发工程师
上海易果电子商务有限公司,本科,1-3年,上海,10k-20k,Python开发工程师
湖南竞网智赢网络技术有限公司,本科,3-5年,长沙,10k-13k,python开发工程师
苏州智泰腾迪信息科技有限公司,大专,1-3年,苏州,10k-15k,python开发工程师
北京诸葛云游科技有限公司,本科,3-5年,北京,15k-20k,Python工程师
任子行网络技术股份有限公司,本科,3-5年,北京,15k-20k,Python开发工程师
北京慕华信息科技有限公司,硕士,5-10年,北京,25k-40k,Python工程师
北京点石经纬科技有限公司,大专,3-5年,北京,15k-30k,Python工程师
深圳睿云智合科技有限公司,本科,3-5年,深圳,15k-30k,Python开发工程师
苏州梦嘉信息技术有限公司,本科,3-5年,苏州,10k-18k,python工程师
北京神州绿盟信息安全科技股份有限公司,本科,3-5年,西安,8k-10k,python开发工程师
西安逆袭网络科技有限公司,本科,3-5年,西安,10k-20k,Python开发工程师
钛链智云（厦门）信息科技有限公司,本科,3-5年,厦门,8k-12k,Python开发工程师
上海晓途网络科技有限公司,本科,1-3年,上海,15k-25k,Python开发工程师
优维科技（深圳）有限公司,本科,1-3年,武汉,6k-12k,python开发工程师
无锡华云数据技术服务有限公司,本科,3-5年,上海,18k-24k,Python开发工程师
上海易果电子商务有限公司,本科,1-3年,上海,10k-20k,Python开发工程师
湖南竞网智赢网络技术有限公司,本科,3-5年,长沙,10k-13k,python开发工程师
苏州智泰腾迪信息科技有限公司,大专,1-3年,苏州,10k-15k,python开发工程师
北京诸葛云游科技有限公司,本科,3-5年,北京,15k-20k,Python工程师
任子行网络技术股份有限公司,本科,3-5年,北京,15k-20k,Python开发工程师
北京慕华信息科技有限公司,硕士,5-10年,北京,25k-40k,Python工程师
北京点石经纬科技有限公司,大专,3-5年,北京,15k-30k,Python工程师
深圳睿云智合科技有限公司,本科,3-5年,深圳,15k-30k,Python开发工程师
苏州梦嘉信息技术有限公司,本科,3-5年,苏州,10k-18k,python工程师
北京神州绿盟信息安全科技股份有限公司,本科,3-5年,西安,8k-10k,python开发工程师
北京字节跳动科技有限公司,本科,1-3年,北京,20k-40k,python开发工程师
乐至（上海）科技有限公司,本科,3-5年,广州,10k-20k,Python高级开发工程师
北京中科物安科技有限公司,本科,3-5年,北京,15k-25k,python开发工程师
上海进馨网络科技有限公司,本科,3-5年,上海,15k-30k,Python开发工程师
上海优梦信息科技有限公司,本科,1-3年,上海,10k-20k,Python开发工程师
企鹅创新（北京）科技有限公司,本科,1-3年,北京,25k-35k,Python工程师
深圳狗尾草智能科技有限公司,本科,3-5年,上海,20k-40k,高级Python开发工程师
深圳战吼网络科技有限公司,不限,应届毕业生,深圳,3k-4k,【实习】游戏后台 C#/Python 开发
飞友科技有限公司,本科,1-3年,南京,10k-18k,Python开发工程师（南京）
深圳奔跑宝科技有限公司,本科,1-3年,深圳,10k-15k,python工程师
新浪网技术（中国）有限公司,本科,1-3年,北京,13k-26k,Python开发工程师
北京联龙博通电子商务技术有限公司,本科,3-5年,北京,10k-15k,python工程师
北京国双科技有限公司,本科,3-5年,北京,20k-30k,资深Python研发工程师
湖北百旺金赋科技有限公司,本科,1-3年,武汉,6k-10k,Python开发
瞬联软件科技（北京）有限公司,本科,1-3年,北京,10k-20k,Python开发工程师
北京字节跳动科技有限公司,本科,1-3年,北京,20k-40k,python开发工程师
乐至（上海）科技有限公司,本科,3-5年,广州,10k-20k,Python高级开发工程师
北京中科物安科技有限公司,本科,3-5年,北京,15k-25k,python开发工程师
上海进馨网络科技有限公司,本科,3-5年,上海,15k-30k,Python开发工程师
上海优梦信息科技有限公司,本科,1-3年,上海,10k-20k,Python开发工程师
企鹅创新（北京）科技有限公司,本科,1-3年,北京,25k-35k,Python工程师
深圳狗尾草智能科技有限公司,本科,3-5年,上海,20k-40k,高级Python开发工程师
深圳战吼网络科技有限公司,不限,应届毕业生,深圳,3k-4k,【实习】游戏后台 C#/Python 开发
飞友科技有限公司,本科,1-3年,南京,10k-18k,Python开发工程师（南京）
深圳奔跑宝科技有限公司,本科,1-3年,深圳,10k-15k,python工程师
新浪网技术（中国）有限公司,本科,1-3年,北京,13k-26k,Python开发工程师
北京联龙博通电子商务技术有限公司,本科,3-5年,北京,10k-15k,python工程师
北京国双科技有限公司,本科,3-5年,北京,20k-30k,资深Python研发工程师
湖北百旺金赋科技有限公司,本科,1-3年,武汉,6k-10k,Python开发
瞬联软件科技（北京）有限公司,本科,1-3年,北京,10k-20k,Python开发工程师
北京字节跳动科技有限公司,本科,1-3年,北京,20k-40k,python开发工程师
乐至（上海）科技有限公司,本科,3-5年,广州,10k-20k,Python高级开发工程师
北京中科物安科技有限公司,本科,3-5年,北京,15k-25k,python开发工程师
上海进馨网络科技有限公司,本科,3-5年,上海,15k-30k,Python开发工程师
上海优梦信息科技有限公司,本科,1-3年,上海,10k-20k,Python开发工程师
企鹅创新（北京）科技有限公司,本科,1-3年,北京,25k-35k,Python工程师
深圳狗尾草智能科技有限公司,本科,3-5年,上海,20k-40k,高级Python开发工程师
深圳战吼网络科技有限公司,不限,应届毕业生,深圳,3k-4k,【实习】游戏后台 C#/Python 开发
飞友科技有限公司,本科,1-3年,南京,10k-18k,Python开发工程师（南京）
深圳奔跑宝科技有限公司,本科,1-3年,深圳,10k-15k,python工程师
新浪网技术（中国）有限公司,本科,1-3年,北京,13k-26k,Python开发工程师
北京联龙博通电子商务技术有限公司,本科,3-5年,北京,10k-15k,python工程师
北京国双科技有限公司,本科,3-5年,北京,20k-30k,资深Python研发工程师
湖北百旺金赋科技有限公司,本科,1-3年,武汉,6k-10k,Python开发
瞬联软件科技（北京）有限公司,本科,1-3年,北京,10k-20k,Python开发工程师
北京字节跳动科技有限公司,本科,1-3年,北京,20k-40k,python开发工程师
乐至（上海）科技有限公司,本科,3-5年,广州,10k-20k,Python高级开发工程师
北京中科物安科技有限公司,本科,3-5年,北京,15k-25k,python开发工程师
上海进馨网络科技有限公司,本科,3-5年,上海,15k-30k,Python开发工程师
上海优梦信息科技有限公司,本科,1-3年,上海,10k-20k,Python开发工程师
企鹅创新（北京）科技有限公司,本科,1-3年,北京,25k-35k,Python工程师
深圳狗尾草智能科技有限公司,本科,3-5年,上海,20k-40k,高级Python开发工程师
深圳战吼网络科技有限公司,不限,应届毕业生,深圳,3k-4k,【实习】游戏后台 C#/Python 开发
飞友科技有限公司,本科,1-3年,南京,10k-18k,Python开发工程师（南京）
深圳奔跑宝科技有限公司,本科,1-3年,深圳,10k-15k,python工程师
新浪网技术（中国）有限公司,本科,1-3年,北京,13k-26k,Python开发工程师
北京联龙博通电子商务技术有限公司,本科,3-5年,北京,10k-15k,python工程师
北京国双科技有限公司,本科,3-5年,北京,20k-30k,资深Python研发工程师
湖北百旺金赋科技有限公司,本科,1-3年,武汉,6k-10k,Python开发
瞬联软件科技（北京）有限公司,本科,1-3年,北京,10k-20k,Python开发工程师
北京字节跳动科技有限公司,本科,1-3年,北京,20k-40k,python开发工程师
乐至（上海）科技有限公司,本科,3-5年,广州,10k-20k,Python高级开发工程师
北京中科物安科技有限公司,本科,3-5年,北京,15k-25k,python开发工程师
上海进馨网络科技有限公司,本科,3-5年,上海,15k-30k,Python开发工程师
上海优梦信息科技有限公司,本科,1-3年,上海,10k-20k,Python开发工程师
企鹅创新（北京）科技有限公司,本科,1-3年,北京,25k-35k,Python工程师
深圳狗尾草智能科技有限公司,本科,3-5年,上海,20k-40k,高级Python开发工程师
深圳战吼网络科技有限公司,不限,应届毕业生,深圳,3k-4k,【实习】游戏后台 C#/Python 开发
飞友科技有限公司,本科,1-3年,南京,10k-18k,Python开发工程师（南京）
深圳奔跑宝科技有限公司,本科,1-3年,深圳,10k-15k,python工程师
新浪网技术（中国）有限公司,本科,1-3年,北京,13k-26k,Python开发工程师
北京联龙博通电子商务技术有限公司,本科,3-5年,北京,10k-15k,python工程师
北京国双科技有限公司,本科,3-5年,北京,20k-30k,资深Python研发工程师
湖北百旺金赋科技有限公司,本科,1-3年,武汉,6k-10k,Python开发
瞬联软件科技（北京）有限公司,本科,1-3年,北京,10k-20k,Python开发工程师
北京字节跳动科技有限公司,本科,1-3年,北京,20k-40k,python开发工程师
乐至（上海）科技有限公司,本科,3-5年,广州,10k-20k,Python高级开发工程师
北京中科物安科技有限公司,本科,3-5年,北京,15k-25k,python开发工程师
上海进馨网络科技有限公司,本科,3-5年,上海,15k-30k,Python开发工程师
上海优梦信息科技有限公司,本科,1-3年,上海,10k-20k,Python开发工程师
企鹅创新（北京）科技有限公司,本科,1-3年,北京,25k-35k,Python工程师
深圳狗尾草智能科技有限公司,本科,3-5年,上海,20k-40k,高级Python开发工程师
深圳战吼网络科技有限公司,不限,应届毕业生,深圳,3k-4k,【实习】游戏后台 C#/Python 开发
飞友科技有限公司,本科,1-3年,南京,10k-18k,Python开发工程师（南京）
深圳奔跑宝科技有限公司,本科,1-3年,深圳,10k-15k,python工程师
新浪网技术（中国）有限公司,本科,1-3年,北京,13k-26k,Python开发工程师
北京联龙博通电子商务技术有限公司,本科,3-5年,北京,10k-15k,python工程师
北京国双科技有限公司,本科,3-5年,北京,20k-30k,资深Python研发工程师
湖北百旺金赋科技有限公司,本科,1-3年,武汉,6k-10k,Python开发
瞬联软件科技（北京）有限公司,本科,1-3年,北京,10k-20k,Python开发工程师
北京字节跳动科技有限公司,本科,1-3年,北京,20k-40k,python开发工程师
乐至（上海）科技有限公司,本科,3-5年,广州,10k-20k,Python高级开发工程师
北京中科物安科技有限公司,本科,3-5年,北京,15k-25k,python开发工程师
上海进馨网络科技有限公司,本科,3-5年,上海,15k-30k,Python开发工程师
上海优梦信息科技有限公司,本科,1-3年,上海,10k-20k,Python开发工程师
企鹅创新（北京）科技有限公司,本科,1-3年,北京,25k-35k,Python工程师
深圳狗尾草智能科技有限公司,本科,3-5年,上海,20k-40k,高级Python开发工程师
深圳战吼网络科技有限公司,不限,应届毕业生,深圳,3k-4k,【实习】游戏后台 C#/Python 开发
飞友科技有限公司,本科,1-3年,南京,10k-18k,Python开发工程师（南京）
深圳奔跑宝科技有限公司,本科,1-3年,深圳,10k-15k,python工程师
新浪网技术（中国）有限公司,本科,1-3年,北京,13k-26k,Python开发工程师
北京联龙博通电子商务技术有限公司,本科,3-5年,北京,10k-15k,python工程师
北京国双科技有限公司,本科,3-5年,北京,20k-30k,资深Python研发工程师
湖北百旺金赋科技有限公司,本科,1-3年,武汉,6k-10k,Python开发
瞬联软件科技（北京）有限公司,本科,1-3年,北京,10k-20k,Python开发工程师
北京字节跳动科技有限公司,本科,1-3年,北京,20k-40k,python开发工程师
乐至（上海）科技有限公司,本科,3-5年,广州,10k-20k,Python高级开发工程师
北京中科物安科技有限公司,本科,3-5年,北京,15k-25k,python开发工程师
上海进馨网络科技有限公司,本科,3-5年,上海,15k-30k,Python开发工程师
上海优梦信息科技有限公司,本科,1-3年,上海,10k-20k,Python开发工程师
企鹅创新（北京）科技有限公司,本科,1-3年,北京,25k-35k,Python工程师
深圳狗尾草智能科技有限公司,本科,3-5年,上海,20k-40k,高级Python开发工程师
深圳战吼网络科技有限公司,不限,应届毕业生,深圳,3k-4k,【实习】游戏后台 C#/Python 开发
飞友科技有限公司,本科,1-3年,南京,10k-18k,Python开发工程师（南京）
深圳奔跑宝科技有限公司,本科,1-3年,深圳,10k-15k,python工程师
新浪网技术（中国）有限公司,本科,1-3年,北京,13k-26k,Python开发工程师
北京联龙博通电子商务技术有限公司,本科,3-5年,北京,10k-15k,python工程师
北京国双科技有限公司,本科,3-5年,北京,20k-30k,资深Python研发工程师
湖北百旺金赋科技有限公司,本科,1-3年,武汉,6k-10k,Python开发
瞬联软件科技（北京）有限公司,本科,1-3年,北京,10k-20k,Python开发工程师
北京字节跳动科技有限公司,本科,1-3年,北京,20k-40k,python开发工程师
乐至（上海）科技有限公司,本科,3-5年,广州,10k-20k,Python高级开发工程师
北京中科物安科技有限公司,本科,3-5年,北京,15k-25k,python开发工程师
上海进馨网络科技有限公司,本科,3-5年,上海,15k-30k,Python开发工程师
上海优梦信息科技有限公司,本科,1-3年,上海,10k-20k,Python开发工程师
企鹅创新（北京）科技有限公司,本科,1-3年,北京,25k-35k,Python工程师
深圳狗尾草智能科技有限公司,本科,3-5年,上海,20k-40k,高级Python开发工程师
深圳战吼网络科技有限公司,不限,应届毕业生,深圳,3k-4k,【实习】游戏后台 C#/Python 开发
飞友科技有限公司,本科,1-3年,南京,10k-18k,Python开发工程师（南京）
深圳奔跑宝科技有限公司,本科,1-3年,深圳,10k-15k,python工程师
新浪网技术（中国）有限公司,本科,1-3年,北京,13k-26k,Python开发工程师
北京联龙博通电子商务技术有限公司,本科,3-5年,北京,10k-15k,python工程师
北京国双科技有限公司,本科,3-5年,北京,20k-30k,资深Python研发工程师
湖北百旺金赋科技有限公司,本科,1-3年,武汉,6k-10k,Python开发
瞬联软件科技（北京）有限公司,本科,1-3年,北京,10k-20k,Python开发工程师
北京字节跳动科技有限公司,本科,1-3年,北京,20k-40k,python开发工程师
乐至（上海）科技有限公司,本科,3-5年,广州,10k-20k,Python高级开发工程师
北京中科物安科技有限公司,本科,3-5年,北京,15k-25k,python开发工程师
上海进馨网络科技有限公司,本科,3-5年,上海,15k-30k,Python开发工程师
上海优梦信息科技有限公司,本科,1-3年,上海,10k-20k,Python开发工程师
企鹅创新（北京）科技有限公司,本科,1-3年,北京,25k-35k,Python工程师
深圳狗尾草智能科技有限公司,本科,3-5年,上海,20k-40k,高级Python开发工程师
深圳战吼网络科技有限公司,不限,应届毕业生,深圳,3k-4k,【实习】游戏后台 C#/Python 开发
飞友科技有限公司,本科,1-3年,南京,10k-18k,Python开发工程师（南京）
深圳奔跑宝科技有限公司,本科,1-3年,深圳,10k-15k,python工程师
新浪网技术（中国）有限公司,本科,1-3年,北京,13k-26k,Python开发工程师
北京联龙博通电子商务技术有限公司,本科,3-5年,北京,10k-15k,python工程师
北京国双科技有限公司,本科,3-5年,北京,20k-30k,资深Python研发工程师
湖北百旺金赋科技有限公司,本科,1-3年,武汉,6k-10k,Python开发
瞬联软件科技（北京）有限公司,本科,1-3年,北京,10k-20k,Python开发工程师
北京字节跳动科技有限公司,本科,1-3年,北京,20k-40k,python开发工程师
乐至（上海）科技有限公司,本科,3-5年,广州,10k-20k,Python高级开发工程师
北京中科物安科技有限公司,本科,3-5年,北京,15k-25k,python开发工程师
上海进馨网络科技有限公司,本科,3-5年,上海,15k-30k,Python开发工程师
上海优梦信息科技有限公司,本科,1-3年,上海,10k-20k,Python开发工程师
企鹅创新（北京）科技有限公司,本科,1-3年,北京,25k-35k,Python工程师
深圳狗尾草智能科技有限公司,本科,3-5年,上海,20k-40k,高级Python开发工程师
深圳战吼网络科技有限公司,不限,应届毕业生,深圳,3k-4k,【实习】游戏后台 C#/Python 开发
飞友科技有限公司,本科,1-3年,南京,10k-18k,Python开发工程师（南京）
深圳奔跑宝科技有限公司,本科,1-3年,深圳,10k-15k,python工程师
新浪网技术（中国）有限公司,本科,1-3年,北京,13k-26k,Python开发工程师
北京联龙博通电子商务技术有限公司,本科,3-5年,北京,10k-15k,python工程师
北京国双科技有限公司,本科,3-5年,北京,20k-30k,资深Python研发工程师
湖北百旺金赋科技有限公司,本科,1-3年,武汉,6k-10k,Python开发
瞬联软件科技（北京）有限公司,本科,1-3年,北京,10k-20k,Python开发工程师
北京字节跳动科技有限公司,本科,1-3年,北京,20k-40k,python开发工程师
乐至（上海）科技有限公司,本科,3-5年,广州,10k-20k,Python高级开发工程师
北京中科物安科技有限公司,本科,3-5年,北京,15k-25k,python开发工程师
上海进馨网络科技有限公司,本科,3-5年,上海,15k-30k,Python开发工程师
上海优梦信息科技有限公司,本科,1-3年,上海,10k-20k,Python开发工程师
企鹅创新（北京）科技有限公司,本科,1-3年,北京,25k-35k,Python工程师
深圳狗尾草智能科技有限公司,本科,3-5年,上海,20k-40k,高级Python开发工程师
深圳战吼网络科技有限公司,不限,应届毕业生,深圳,3k-4k,【实习】游戏后台 C#/Python 开发
飞友科技有限公司,本科,1-3年,南京,10k-18k,Python开发工程师（南京）
深圳奔跑宝科技有限公司,本科,1-3年,深圳,10k-15k,python工程师
新浪网技术（中国）有限公司,本科,1-3年,北京,13k-26k,Python开发工程师
北京联龙博通电子商务技术有限公司,本科,3-5年,北京,10k-15k,python工程师
北京国双科技有限公司,本科,3-5年,北京,20k-30k,资深Python研发工程师
湖北百旺金赋科技有限公司,本科,1-3年,武汉,6k-10k,Python开发
瞬联软件科技（北京）有限公司,本科,1-3年,北京,10k-20k,Python开发工程师
北京字节跳动科技有限公司,本科,1-3年,北京,20k-40k,python开发工程师
乐至（上海）科技有限公司,本科,3-5年,广州,10k-20k,Python高级开发工程师
北京中科物安科技有限公司,本科,3-5年,北京,15k-25k,python开发工程师
上海进馨网络科技有限公司,本科,3-5年,上海,15k-30k,Python开发工程师
上海优梦信息科技有限公司,本科,1-3年,上海,10k-20k,Python开发工程师
企鹅创新（北京）科技有限公司,本科,1-3年,北京,25k-35k,Python工程师
深圳狗尾草智能科技有限公司,本科,3-5年,上海,20k-40k,高级Python开发工程师
深圳战吼网络科技有限公司,不限,应届毕业生,深圳,3k-4k,【实习】游戏后台 C#/Python 开发
飞友科技有限公司,本科,1-3年,南京,10k-18k,Python开发工程师（南京）
深圳奔跑宝科技有限公司,本科,1-3年,深圳,10k-15k,python工程师
新浪网技术（中国）有限公司,本科,1-3年,北京,13k-26k,Python开发工程师
北京联龙博通电子商务技术有限公司,本科,3-5年,北京,10k-15k,python工程师
北京国双科技有限公司,本科,3-5年,北京,20k-30k,资深Python研发工程师
湖北百旺金赋科技有限公司,本科,1-3年,武汉,6k-10k,Python开发
瞬联软件科技（北京）有限公司,本科,1-3年,北京,10k-20k,Python开发工程师
北京字节跳动科技有限公司,本科,1-3年,北京,20k-40k,python开发工程师
乐至（上海）科技有限公司,本科,3-5年,广州,10k-20k,Python高级开发工程师
北京中科物安科技有限公司,本科,3-5年,北京,15k-25k,python开发工程师
上海进馨网络科技有限公司,本科,3-5年,上海,15k-30k,Python开发工程师
上海优梦信息科技有限公司,本科,1-3年,上海,10k-20k,Python开发工程师
企鹅创新（北京）科技有限公司,本科,1-3年,北京,25k-35k,Python工程师
深圳狗尾草智能科技有限公司,本科,3-5年,上海,20k-40k,高级Python开发工程师
深圳战吼网络科技有限公司,不限,应届毕业生,深圳,3k-4k,【实习】游戏后台 C#/Python 开发
飞友科技有限公司,本科,1-3年,南京,10k-18k,Python开发工程师（南京）
深圳奔跑宝科技有限公司,本科,1-3年,深圳,10k-15k,python工程师
新浪网技术（中国）有限公司,本科,1-3年,北京,13k-26k,Python开发工程师
北京联龙博通电子商务技术有限公司,本科,3-5年,北京,10k-15k,python工程师
北京国双科技有限公司,本科,3-5年,北京,20k-30k,资深Python研发工程师
湖北百旺金赋科技有限公司,本科,1-3年,武汉,6k-10k,Python开发
瞬联软件科技（北京）有限公司,本科,1-3年,北京,10k-20k,Python开发工程师
北京字节跳动科技有限公司,本科,1-3年,北京,20k-40k,python开发工程师
乐至（上海）科技有限公司,本科,3-5年,广州,10k-20k,Python高级开发工程师
北京中科物安科技有限公司,本科,3-5年,北京,15k-25k,python开发工程师
上海进馨网络科技有限公司,本科,3-5年,上海,15k-30k,Python开发工程师
上海优梦信息科技有限公司,本科,1-3年,上海,10k-20k,Python开发工程师
企鹅创新（北京）科技有限公司,本科,1-3年,北京,25k-35k,Python工程师
深圳狗尾草智能科技有限公司,本科,3-5年,上海,20k-40k,高级Python开发工程师
深圳战吼网络科技有限公司,不限,应届毕业生,深圳,3k-4k,【实习】游戏后台 C#/Python 开发
飞友科技有限公司,本科,1-3年,南京,10k-18k,Python开发工程师（南京）
深圳奔跑宝科技有限公司,本科,1-3年,深圳,10k-15k,python工程师
新浪网技术（中国）有限公司,本科,1-3年,北京,13k-26k,Python开发工程师
北京联龙博通电子商务技术有限公司,本科,3-5年,北京,10k-15k,python工程师
北京国双科技有限公司,本科,3-5年,北京,20k-30k,资深Python研发工程师
湖北百旺金赋科技有限公司,本科,1-3年,武汉,6k-10k,Python开发
瞬联软件科技（北京）有限公司,本科,1-3年,北京,10k-20k,Python开发工程师
北京字节跳动科技有限公司,本科,1-3年,北京,20k-40k,python开发工程师
乐至（上海）科技有限公司,本科,3-5年,广州,10k-20k,Python高级开发工程师
北京中科物安科技有限公司,本科,3-5年,北京,15k-25k,python开发工程师
上海进馨网络科技有限公司,本科,3-5年,上海,15k-30k,Python开发工程师
上海优梦信息科技有限公司,本科,1-3年,上海,10k-20k,Python开发工程师
企鹅创新（北京）科技有限公司,本科,1-3年,北京,25k-35k,Python工程师
深圳狗尾草智能科技有限公司,本科,3-5年,上海,20k-40k,高级Python开发工程师
深圳战吼网络科技有限公司,不限,应届毕业生,深圳,3k-4k,【实习】游戏后台 C#/Python 开发
飞友科技有限公司,本科,1-3年,南京,10k-18k,Python开发工程师（南京）
深圳奔跑宝科技有限公司,本科,1-3年,深圳,10k-15k,python工程师
新浪网技术（中国）有限公司,本科,1-3年,北京,13k-26k,Python开发工程师
北京联龙博通电子商务技术有限公司,本科,3-5年,北京,10k-15k,python工程师
北京国双科技有限公司,本科,3-5年,北京,20k-30k,资深Python研发工程师
湖北百旺金赋科技有限公司,本科,1-3年,武汉,6k-10k,Python开发
瞬联软件科技（北京）有限公司,本科,1-3年,北京,10k-20k,Python开发工程师
北京字节跳动科技有限公司,本科,1-3年,北京,20k-40k,python开发工程师
乐至（上海）科技有限公司,本科,3-5年,广州,10k-20k,Python高级开发工程师
北京中科物安科技有限公司,本科,3-5年,北京,15k-25k,python开发工程师
上海进馨网络科技有限公司,本科,3-5年,上海,15k-30k,Python开发工程师
上海优梦信息科技有限公司,本科,1-3年,上海,10k-20k,Python开发工程师
企鹅创新（北京）科技有限公司,本科,1-3年,北京,25k-35k,Python工程师
深圳狗尾草智能科技有限公司,本科,3-5年,上海,20k-40k,高级Python开发工程师
深圳战吼网络科技有限公司,不限,应届毕业生,深圳,3k-4k,【实习】游戏后台 C#/Python 开发
飞友科技有限公司,本科,1-3年,南京,10k-18k,Python开发工程师（南京）
深圳奔跑宝科技有限公司,本科,1-3年,深圳,10k-15k,python工程师
新浪网技术（中国）有限公司,本科,1-3年,北京,13k-26k,Python开发工程师
北京联龙博通电子商务技术有限公司,本科,3-5年,北京,10k-15k,python工程师
北京国双科技有限公司,本科,3-5年,北京,20k-30k,资深Python研发工程师
湖北百旺金赋科技有限公司,本科,1-3年,武汉,6k-10k,Python开发
瞬联软件科技（北京）有限公司,本科,1-3年,北京,10k-20k,Python开发工程师
北京字节跳动科技有限公司,本科,1-3年,北京,20k-40k,python开发工程师
乐至（上海）科技有限公司,本科,3-5年,广州,10k-20k,Python高级开发工程师
北京中科物安科技有限公司,本科,3-5年,北京,15k-25k,python开发工程师
上海进馨网络科技有限公司,本科,3-5年,上海,15k-30k,Python开发工程师
上海优梦信息科技有限公司,本科,1-3年,上海,10k-20k,Python开发工程师
企鹅创新（北京）科技有限公司,本科,1-3年,北京,25k-35k,Python工程师
深圳狗尾草智能科技有限公司,本科,3-5年,上海,20k-40k,高级Python开发工程师
深圳战吼网络科技有限公司,不限,应届毕业生,深圳,3k-4k,【实习】游戏后台 C#/Python 开发
飞友科技有限公司,本科,1-3年,南京,10k-18k,Python开发工程师（南京）
深圳奔跑宝科技有限公司,本科,1-3年,深圳,10k-15k,python工程师
新浪网技术（中国）有限公司,本科,1-3年,北京,13k-26k,Python开发工程师
北京联龙博通电子商务技术有限公司,本科,3-5年,北京,10k-15k,python工程师
北京国双科技有限公司,本科,3-5年,北京,20k-30k,资深Python研发工程师
湖北百旺金赋科技有限公司,本科,1-3年,武汉,6k-10k,Python开发
瞬联软件科技（北京）有限公司,本科,1-3年,北京,10k-20k,Python开发工程师
北京字节跳动科技有限公司,本科,1-3年,北京,20k-40k,python开发工程师
乐至（上海）科技有限公司,本科,3-5年,广州,10k-20k,Python高级开发工程师
北京中科物安科技有限公司,本科,3-5年,北京,15k-25k,python开发工程师
上海进馨网络科技有限公司,本科,3-5年,上海,15k-30k,Python开发工程师
上海优梦信息科技有限公司,本科,1-3年,上海,10k-20k,Python开发工程师
企鹅创新（北京）科技有限公司,本科,1-3年,北京,25k-35k,Python工程师
深圳狗尾草智能科技有限公司,本科,3-5年,上海,20k-40k,高级Python开发工程师
深圳战吼网络科技有限公司,不限,应届毕业生,深圳,3k-4k,【实习】游戏后台 C#/Python 开发
飞友科技有限公司,本科,1-3年,南京,10k-18k,Python开发工程师（南京）
深圳奔跑宝科技有限公司,本科,1-3年,深圳,10k-15k,python工程师
新浪网技术（中国）有限公司,本科,1-3年,北京,13k-26k,Python开发工程师
北京联龙博通电子商务技术有限公司,本科,3-5年,北京,10k-15k,python工程师
北京国双科技有限公司,本科,3-5年,北京,20k-30k,资深Python研发工程师
湖北百旺金赋科技有限公司,本科,1-3年,武汉,6k-10k,Python开发
瞬联软件科技（北京）有限公司,本科,1-3年,北京,10k-20k,Python开发工程师
北京字节跳动科技有限公司,本科,1-3年,北京,20k-40k,python开发工程师
乐至（上海）科技有限公司,本科,3-5年,广州,10k-20k,Python高级开发工程师
北京中科物安科技有限公司,本科,3-5年,北京,15k-25k,python开发工程师
上海进馨网络科技有限公司,本科,3-5年,上海,15k-30k,Python开发工程师
上海优梦信息科技有限公司,本科,1-3年,上海,10k-20k,Python开发工程师
企鹅创新（北京）科技有限公司,本科,1-3年,北京,25k-35k,Python工程师
深圳狗尾草智能科技有限公司,本科,3-5年,上海,20k-40k,高级Python开发工程师
深圳战吼网络科技有限公司,不限,应届毕业生,深圳,3k-4k,【实习】游戏后台 C#/Python 开发
飞友科技有限公司,本科,1-3年,南京,10k-18k,Python开发工程师（南京）
深圳奔跑宝科技有限公司,本科,1-3年,深圳,10k-15k,python工程师
新浪网技术（中国）有限公司,本科,1-3年,北京,13k-26k,Python开发工程师
北京联龙博通电子商务技术有限公司,本科,3-5年,北京,10k-15k,python工程师
北京国双科技有限公司,本科,3-5年,北京,20k-30k,资深Python研发工程师
湖北百旺金赋科技有限公司,本科,1-3年,武汉,6k-10k,Python开发
瞬联软件科技（北京）有限公司,本科,1-3年,北京,10k-20k,Python开发工程师
北京字节跳动科技有限公司,本科,1-3年,北京,20k-40k,python开发工程师
乐至（上海）科技有限公司,本科,3-5年,广州,10k-20k,Python高级开发工程师
北京中科物安科技有限公司,本科,3-5年,北京,15k-25k,python开发工程师
上海进馨网络科技有限公司,本科,3-5年,上海,15k-30k,Python开发工程师
上海优梦信息科技有限公司,本科,1-3年,上海,10k-20k,Python开发工程师
企鹅创新（北京）科技有限公司,本科,1-3年,北京,25k-35k,Python工程师
深圳狗尾草智能科技有限公司,本科,3-5年,上海,20k-40k,高级Python开发工程师
深圳战吼网络科技有限公司,不限,应届毕业生,深圳,3k-4k,【实习】游戏后台 C#/Python 开发
飞友科技有限公司,本科,1-3年,南京,10k-18k,Python开发工程师（南京）
深圳奔跑宝科技有限公司,本科,1-3年,深圳,10k-15k,python工程师
新浪网技术（中国）有限公司,本科,1-3年,北京,13k-26k,Python开发工程师
北京联龙博通电子商务技术有限公司,本科,3-5年,北京,10k-15k,python工程师
北京国双科技有限公司,本科,3-5年,北京,20k-30k,资深Python研发工程师
湖北百旺金赋科技有限公司,本科,1-3年,武汉,6k-10k,Python开发
瞬联软件科技（北京）有限公司,本科,1-3年,北京,10k-20k,Python开发工程师
北京字节跳动科技有限公司,本科,1-3年,北京,20k-40k,python开发工程师
乐至（上海）科技有限公司,本科,3-5年,广州,10k-20k,Python高级开发工程师
北京中科物安科技有限公司,本科,3-5年,北京,15k-25k,python开发工程师
上海进馨网络科技有限公司,本科,3-5年,上海,15k-30k,Python开发工程师
上海优梦信息科技有限公司,本科,1-3年,上海,10k-20k,Python开发工程师
企鹅创新（北京）科技有限公司,本科,1-3年,北京,25k-35k,Python工程师
深圳狗尾草智能科技有限公司,本科,3-5年,上海,20k-40k,高级Python开发工程师
深圳战吼网络科技有限公司,不限,应届毕业生,深圳,3k-4k,【实习】游戏后台 C#/Python 开发
飞友科技有限公司,本科,1-3年,南京,10k-18k,Python开发工程师（南京）
深圳奔跑宝科技有限公司,本科,1-3年,深圳,10k-15k,python工程师
新浪网技术（中国）有限公司,本科,1-3年,北京,13k-26k,Python开发工程师
北京联龙博通电子商务技术有限公司,本科,3-5年,北京,10k-15k,python工程师
北京国双科技有限公司,本科,3-5年,北京,20k-30k,资深Python研发工程师
湖北百旺金赋科技有限公司,本科,1-3年,武汉,6k-10k,Python开发
瞬联软件科技（北京）有限公司,本科,1-3年,北京,10k-20k,Python开发工程师
北京字节跳动科技有限公司,本科,1-3年,北京,20k-40k,python开发工程师
乐至（上海）科技有限公司,本科,3-5年,广州,10k-20k,Python高级开发工程师
北京中科物安科技有限公司,本科,3-5年,北京,15k-25k,python开发工程师
上海进馨网络科技有限公司,本科,3-5年,上海,15k-30k,Python开发工程师
上海优梦信息科技有限公司,本科,1-3年,上海,10k-20k,Python开发工程师
企鹅创新（北京）科技有限公司,本科,1-3年,北京,25k-35k,Python工程师
深圳狗尾草智能科技有限公司,本科,3-5年,上海,20k-40k,高级Python开发工程师
深圳战吼网络科技有限公司,不限,应届毕业生,深圳,3k-4k,【实习】游戏后台 C#/Python 开发
飞友科技有限公司,本科,1-3年,南京,10k-18k,Python开发工程师（南京）
深圳奔跑宝科技有限公司,本科,1-3年,深圳,10k-15k,python工程师
新浪网技术（中国）有限公司,本科,1-3年,北京,13k-26k,Python开发工程师
北京联龙博通电子商务技术有限公司,本科,3-5年,北京,10k-15k,python工程师
北京国双科技有限公司,本科,3-5年,北京,20k-30k,资深Python研发工程师
湖北百旺金赋科技有限公司,本科,1-3年,武汉,6k-10k,Python开发
瞬联软件科技（北京）有限公司,本科,1-3年,北京,10k-20k,Python开发工程师
北京字节跳动科技有限公司,本科,1-3年,北京,20k-40k,python开发工程师
乐至（上海）科技有限公司,本科,3-5年,广州,10k-20k,Python高级开发工程师
北京中科物安科技有限公司,本科,3-5年,北京,15k-25k,python开发工程师
上海进馨网络科技有限公司,本科,3-5年,上海,15k-30k,Python开发工程师
上海优梦信息科技有限公司,本科,1-3年,上海,10k-20k,Python开发工程师
企鹅创新（北京）科技有限公司,本科,1-3年,北京,25k-35k,Python工程师
深圳狗尾草智能科技有限公司,本科,3-5年,上海,20k-40k,高级Python开发工程师
深圳战吼网络科技有限公司,不限,应届毕业生,深圳,3k-4k,【实习】游戏后台 C#/Python 开发
飞友科技有限公司,本科,1-3年,南京,10k-18k,Python开发工程师（南京）
深圳奔跑宝科技有限公司,本科,1-3年,深圳,10k-15k,python工程师
新浪网技术（中国）有限公司,本科,1-3年,北京,13k-26k,Python开发工程师
北京联龙博通电子商务技术有限公司,本科,3-5年,北京,10k-15k,python工程师
北京国双科技有限公司,本科,3-5年,北京,20k-30k,资深Python研发工程师
湖北百旺金赋科技有限公司,本科,1-3年,武汉,6k-10k,Python开发
瞬联软件科技（北京）有限公司,本科,1-3年,北京,10k-20k,Python开发工程师
北京字节跳动科技有限公司,本科,1-3年,北京,20k-40k,python开发工程师
乐至（上海）科技有限公司,本科,3-5年,广州,10k-20k,Python高级开发工程师
北京中科物安科技有限公司,本科,3-5年,北京,15k-25k,python开发工程师
上海进馨网络科技有限公司,本科,3-5年,上海,15k-30k,Python开发工程师
上海优梦信息科技有限公司,本科,1-3年,上海,10k-20k,Python开发工程师
企鹅创新（北京）科技有限公司,本科,1-3年,北京,25k-35k,Python工程师
深圳狗尾草智能科技有限公司,本科,3-5年,上海,20k-40k,高级Python开发工程师
深圳战吼网络科技有限公司,不限,应届毕业生,深圳,3k-4k,【实习】游戏后台 C#/Python 开发
飞友科技有限公司,本科,1-3年,南京,10k-18k,Python开发工程师（南京）
深圳奔跑宝科技有限公司,本科,1-3年,深圳,10k-15k,python工程师
新浪网技术（中国）有限公司,本科,1-3年,北京,13k-26k,Python开发工程师
北京联龙博通电子商务技术有限公司,本科,3-5年,北京,10k-15k,python工程师
北京国双科技有限公司,本科,3-5年,北京,20k-30k,资深Python研发工程师
湖北百旺金赋科技有限公司,本科,1-3年,武汉,6k-10k,Python开发
瞬联软件科技（北京）有限公司,本科,1-3年,北京,10k-20k,Python开发工程师
北京字节跳动科技有限公司,本科,1-3年,北京,20k-40k,python开发工程师
乐至（上海）科技有限公司,本科,3-5年,广州,10k-20k,Python高级开发工程师
北京中科物安科技有限公司,本科,3-5年,北京,15k-25k,python开发工程师
上海进馨网络科技有限公司,本科,3-5年,上海,15k-30k,Python开发工程师
上海优梦信息科技有限公司,本科,1-3年,上海,10k-20k,Python开发工程师
企鹅创新（北京）科技有限公司,本科,1-3年,北京,25k-35k,Python工程师
深圳狗尾草智能科技有限公司,本科,3-5年,上海,20k-40k,高级Python开发工程师
深圳战吼网络科技有限公司,不限,应届毕业生,深圳,3k-4k,【实习】游戏后台 C#/Python 开发
飞友科技有限公司,本科,1-3年,南京,10k-18k,Python开发工程师（南京）
深圳奔跑宝科技有限公司,本科,1-3年,深圳,10k-15k,python工程师
新浪网技术（中国）有限公司,本科,1-3年,北京,13k-26k,Python开发工程师
北京联龙博通电子商务技术有限公司,本科,3-5年,北京,10k-15k,python工程师
北京国双科技有限公司,本科,3-5年,北京,20k-30k,资深Python研发工程师
湖北百旺金赋科技有限公司,本科,1-3年,武汉,6k-10k,Python开发
